Brand,Model Year,Mileage,Fuel Type,Condition,Transmission,Resale Price
Honda,2011,74152,Gasoline,2,Automatic,22070
Mercedes,2015,60180,Electric,4,Manual,56002
BMW,2014,81297,Electric,4,Automatic,51684
Mercedes,2013,17194,Diesel,1,Manual,44400
Mercedes,2018,31986,Gasoline,5,Manual,52688
Ford,2017,60286,Gasoline,4,Manual,27109
BMW,2006,68353,Gasoline,3,Manual,32674
BMW,2007,76939,Electric,4,Automatic,48088
BMW,2011,63496,Diesel,2,Manual,40105
Mercedes,2022,63293,Diesel,4,Manual,53950
Honda,2007,52211,Gasoline,5,Automatic,27631
BMW,2014,91818,Electric,4,Automatic,50442
Mercedes,2011,37939,Gasoline,1,Automatic,45445
Ford,2013,67180,Diesel,4,Manual,26756
Honda,2021,40243,Electric,5,Automatic,42719
Ford,2015,70695,Gasoline,1,Manual,20422
Honda,2011,39259,Gasoline,3,Manual,23037
Mercedes,2018,74876,Electric,1,Automatic,51582
Toyota,2023,62242,Diesel,2,Automatic,32039
Honda,2008,94892,Electric,1,Automatic,25901
Ford,2010,54379,Gasoline,3,Automatic,22933
Mercedes,2014,68499,Gasoline,4,Automatic,51942
Honda,2011,44406,Gasoline,1,Automatic,25182
Toyota,2017,54242,Gasoline,1,Manual,20400
Toyota,2018,62114,Diesel,1,Manual,23224
BMW,2008,29455,Diesel,1,Automatic,39300
BMW,2012,31647,Gasoline,3,Manual,39136
Ford,2009,71997,Diesel,5,Manual,25034
Honda,2005,57078,Diesel,5,Manual,21658
Honda,2008,48141,Diesel,1,Manual,22009
BMW,2007,45260,Gasoline,3,Manual,37148
Honda,2013,46030,Electric,3,Manual,31517
Honda,2012,62251,Electric,1,Automatic,30858
Toyota,2005,68900,Electric,2,Automatic,28719
BMW,2010,18157,Gasoline,1,Automatic,36030
Mercedes,2013,88256,Diesel,2,Manual,43111
BMW,2011,86834,Diesel,1,Automatic,38016
Mercedes,2008,13386,Gasoline,2,Automatic,43921
Toyota,2017,81718,Gasoline,2,Automatic,29108
Ford,2021,81104,Electric,1,Manual,31783
Honda,2006,60008,Electric,2,Automatic,34377
Toyota,2009,34056,Gasoline,4,Manual,26966
Honda,2016,80304,Electric,5,Automatic,36697
Ford,2012,55175,Diesel,3,Automatic,24929
Ford,2010,70977,Gasoline,2,Automatic,20962
Toyota,2012,104384,Gasoline,2,Manual,18947
Ford,2022,65036,Diesel,3,Manual,28465
Mercedes,2007,41662,Diesel,2,Manual,39339
Ford,2016,53285,Diesel,3,Manual,27130
Honda,2007,44211,Electric,1,Manual,26471
Honda,2010,68669,Gasoline,4,Automatic,27131
Honda,2006,43878,Electric,4,Automatic,31017
Honda,2016,50542,Diesel,5,Manual,30466
Mercedes,2006,34311,Electric,2,Manual,51382
BMW,2010,57358,Diesel,5,Automatic,43911
Toyota,2021,63535,Electric,1,Manual,31547
Honda,2007,6304,Electric,4,Automatic,37108
Ford,2006,65191,Diesel,1,Manual,15302
Honda,2024,59085,Electric,1,Automatic,36579
Ford,2012,44700,Gasoline,2,Manual,24216
Ford,2016,100572,Electric,1,Manual,25224
Honda,2008,79169,Electric,4,Automatic,35630
Mercedes,2009,38071,Gasoline,5,Automatic,48924
Ford,2017,76764,Diesel,4,Manual,24419
Ford,2019,84889,Gasoline,2,Manual,23962
Honda,2020,62640,Electric,4,Automatic,39583
Ford,2014,67228,Diesel,3,Manual,24164
Ford,2020,66766,Electric,5,Automatic,38124
Honda,2016,18283,Electric,3,Automatic,38286
Honda,2021,56262,Gasoline,3,Manual,23551
Toyota,2020,55221,Gasoline,2,Automatic,30176
Mercedes,2016,88603,Diesel,1,Automatic,48664
Mercedes,2012,66674,Diesel,3,Manual,41635
Ford,2024,54047,Diesel,4,Automatic,33484
Mercedes,2007,58197,Electric,1,Automatic,47840
Ford,2020,80467,Gasoline,4,Automatic,26454
Toyota,2017,56308,Gasoline,4,Automatic,27078
Honda,2023,46036,Gasoline,1,Manual,23836
Honda,2012,54485,Diesel,1,Automatic,24290
Honda,2009,78813,Gasoline,4,Manual,24357
Mercedes,2024,69923,Gasoline,2,Automatic,47958
Toyota,2012,60885,Gasoline,5,Manual,27544
Mercedes,2016,63830,Diesel,5,Automatic,53747
Mercedes,2005,48805,Gasoline,2,Manual,42903
Toyota,2024,56121,Diesel,1,Automatic,32836
Toyota,2010,46733,Gasoline,4,Automatic,29420
Toyota,2022,54104,Gasoline,5,Automatic,36693
Toyota,2012,86923,Gasoline,4,Automatic,25305
Honda,2011,38442,Diesel,2,Manual,22432
BMW,2005,46225,Diesel,4,Manual,41422
BMW,2020,34914,Gasoline,2,Automatic,41652
Toyota,2016,30581,Electric,1,Manual,31106
BMW,2010,56264,Diesel,2,Automatic,38525
BMW,2024,47647,Diesel,2,Automatic,49086
Toyota,2006,95233,Gasoline,5,Manual,21395
BMW,2018,54343,Electric,4,Manual,53034
Mercedes,2008,85787,Gasoline,5,Manual,43492
Ford,2005,79360,Diesel,3,Automatic,18939
Ford,2022,55820,Diesel,2,Automatic,27209
Toyota,2017,102202,Gasoline,3,Manual,24377
Honda,2006,65370,Gasoline,5,Automatic,24189
Toyota,2013,90260,Electric,4,Manual,31421
Honda,2006,87931,Electric,5,Manual,31480
Ford,2013,68292,Diesel,4,Manual,26603
Toyota,2005,75022,Electric,4,Manual,32844
Mercedes,2015,72481,Electric,1,Manual,49243
BMW,2007,37114,Diesel,2,Manual,36361
Honda,2024,61145,Diesel,5,Automatic,37279
BMW,2008,81484,Diesel,4,Automatic,40804
BMW,2022,90523,Diesel,5,Manual,45917
Toyota,2010,45587,Gasoline,5,Manual,26316
BMW,2007,70576,Diesel,4,Manual,42276
Mercedes,2015,63017,Diesel,3,Automatic,51257
BMW,2019,57642,Diesel,2,Manual,44235
Toyota,2009,67120,Electric,2,Manual,31859
Mercedes,2024,64359,Diesel,1,Manual,50087
Ford,2014,70828,Gasoline,1,Automatic,20195
BMW,2016,88834,Gasoline,1,Manual,38333
Toyota,2019,75682,Diesel,2,Automatic,31744
Ford,2021,66211,Gasoline,3,Automatic,30493
Ford,2014,97292,Electric,2,Manual,27244
Honda,2010,82198,Diesel,2,Automatic,24982
Mercedes,2022,58152,Gasoline,2,Automatic,50551
BMW,2017,35657,Gasoline,2,Automatic,42260
Toyota,2007,40243,Diesel,3,Manual,22528
Honda,2014,78664,Gasoline,1,Automatic,24474
Mercedes,2018,47393,Diesel,5,Manual,50318
Honda,2010,39838,Gasoline,1,Manual,18384
Mercedes,2007,44838,Electric,1,Manual,48764
Mercedes,2020,46252,Gasoline,5,Automatic,54954
BMW,2011,77012,Gasoline,2,Manual,37303
Mercedes,2024,56865,Diesel,3,Automatic,52198
Honda,2018,32552,Gasoline,3,Automatic,31471
Mercedes,2013,60620,Diesel,1,Automatic,44648
BMW,2019,64445,Electric,5,Automatic,54243
BMW,2007,50413,Diesel,4,Manual,38968
Honda,2006,83117,Diesel,2,Manual,21568
Ford,2006,51581,Gasoline,1,Automatic,18692
Ford,2007,82166,Electric,3,Manual,30794
Mercedes,2022,71935,Diesel,5,Manual,48778
Toyota,2018,78532,Gasoline,5,Manual,25980
Mercedes,2024,38028,Gasoline,1,Automatic,53746
Honda,2022,61966,Diesel,4,Manual,34052
Honda,2014,58943,Gasoline,3,Automatic,25325
Honda,2006,31559,Diesel,1,Manual,20059
Honda,2005,82101,Diesel,4,Automatic,25819
Honda,2008,43651,Diesel,5,Automatic,28858
BMW,2018,47808,Electric,2,Automatic,52409
Ford,2005,39733,Diesel,3,Manual,21035
Honda,2018,74023,Gasoline,3,Automatic,25335
Toyota,2020,29481,Electric,4,Manual,38336
Toyota,2018,72357,Gasoline,1,Automatic,26406
Toyota,2024,80890,Electric,5,Manual,40161
Toyota,2007,70743,Electric,4,Automatic,30001
BMW,2007,74252,Electric,2,Manual,43794
Toyota,2013,75190,Electric,2,Automatic,33499
Honda,2010,41011,Gasoline,2,Automatic,22338
Mercedes,2017,88694,Diesel,4,Automatic,54663
Toyota,2006,50798,Gasoline,5,Manual,23766
BMW,2012,58672,Diesel,3,Automatic,43003
BMW,2006,53347,Gasoline,1,Automatic,37616
Toyota,2008,69830,Electric,3,Automatic,36276
Mercedes,2019,49239,Electric,5,Automatic,63400
Toyota,2008,61338,Diesel,3,Manual,25085
BMW,2017,35293,Diesel,4,Automatic,46732
Ford,2016,83293,Gasoline,2,Automatic,24509
Honda,2017,73414,Diesel,5,Manual,28264
BMW,2018,54154,Gasoline,5,Manual,46700
Toyota,2024,50617,Diesel,3,Manual,33563
Honda,2022,72892,Diesel,4,Automatic,36621
Toyota,2010,45854,Diesel,3,Manual,20890
Toyota,2015,62507,Electric,3,Manual,32113
Ford,2006,83227,Electric,5,Manual,31439
Honda,2023,43774,Gasoline,3,Automatic,29508
Honda,2023,67372,Diesel,2,Automatic,32742
Ford,2009,66314,Gasoline,3,Automatic,25452
BMW,2023,58053,Diesel,2,Manual,44540
Toyota,2006,49924,Electric,5,Automatic,32660
Mercedes,2014,84295,Electric,4,Manual,53042
Toyota,2006,48048,Diesel,2,Manual,24514
Toyota,2015,23759,Diesel,4,Manual,33390
BMW,2022,72810,Electric,4,Automatic,56275
Toyota,2019,35973,Electric,2,Manual,33246
Ford,2013,73837,Gasoline,5,Manual,28284
Ford,2023,86698,Electric,1,Automatic,35806
Honda,2013,72594,Diesel,4,Manual,24047
Mercedes,2007,81428,Gasoline,4,Manual,42613
Toyota,2013,100400,Diesel,5,Manual,27573
Toyota,2018,79335,Gasoline,5,Automatic,30759
BMW,2023,66611,Diesel,3,Manual,46365
Ford,2011,92678,Electric,5,Automatic,36078
Mercedes,2020,95095,Diesel,4,Automatic,51652
Honda,2020,95375,Gasoline,2,Manual,26147
Ford,2005,50157,Diesel,1,Manual,13981
Honda,2008,32919,Gasoline,3,Manual,26790
BMW,2008,48936,Diesel,2,Manual,37667
BMW,2011,74072,Electric,1,Automatic,47942
Toyota,2012,63183,Electric,1,Automatic,32278
Mercedes,2021,55870,Diesel,1,Manual,45559
Honda,2009,71209,Diesel,2,Automatic,23866
Ford,2011,30583,Diesel,3,Manual,20651
BMW,2024,62823,Gasoline,3,Manual,46235
Toyota,2024,82369,Diesel,1,Manual,27769
Toyota,2008,70986,Diesel,2,Manual,21067
Honda,2010,73836,Gasoline,1,Automatic,22813
BMW,2011,91947,Electric,5,Automatic,50977
Mercedes,2022,58677,Diesel,3,Manual,51779
BMW,2009,46938,Diesel,4,Manual,43077
Honda,2024,83790,Electric,1,Automatic,34712
Honda,2007,83422,Electric,5,Automatic,31658
BMW,2011,71165,Gasoline,3,Automatic,37496
Honda,2018,56792,Diesel,2,Manual,26405
BMW,2011,60027,Diesel,3,Automatic,43902
Ford,2009,34464,Gasoline,2,Manual,17629
BMW,2009,82258,Electric,2,Manual,45727
BMW,2006,81553,Gasoline,1,Automatic,33277
Honda,2010,33766,Electric,1,Manual,24104
Honda,2019,77352,Gasoline,3,Automatic,31622
Toyota,2014,68082,Electric,5,Manual,31649
Toyota,2011,39560,Gasoline,3,Manual,26450
Ford,2009,35879,Electric,4,Manual,32648
Toyota,2005,67469,Electric,2,Manual,27265
BMW,2017,52045,Electric,2,Manual,47352
Honda,2022,96398,Electric,1,Manual,32185
Toyota,2017,79051,Electric,5,Automatic,41644
Toyota,2022,69473,Diesel,1,Automatic,28054
Ford,2009,70461,Electric,4,Manual,31429
Ford,2017,86617,Diesel,3,Automatic,29530
BMW,2008,76930,Electric,3,Manual,44739
Honda,2021,69995,Diesel,5,Automatic,33424
Ford,2007,40394,Diesel,1,Automatic,23851
Toyota,2021,121238,Gasoline,1,Manual,23454
Honda,2015,37936,Electric,4,Automatic,36071
Honda,2024,53749,Gasoline,3,Manual,28577
Toyota,2008,26905,Gasoline,1,Automatic,25292
Ford,2006,70775,Electric,5,Manual,29690
Toyota,2024,63022,Gasoline,3,Automatic,35020
Honda,2020,75305,Electric,4,Manual,35051
Mercedes,2022,25218,Gasoline,5,Automatic,54739
Mercedes,2012,82258,Electric,2,Manual,53774
BMW,2007,43851,Electric,4,Automatic,46445
Toyota,2013,57019,Electric,5,Manual,34649
Toyota,2024,78631,Diesel,1,Automatic,31127
BMW,2010,65225,Gasoline,2,Manual,38210
BMW,2014,66638,Diesel,4,Automatic,46960
BMW,2014,75983,Gasoline,1,Manual,40823
Honda,2017,68575,Gasoline,2,Manual,23336
Toyota,2021,53177,Gasoline,3,Manual,27095
Honda,2013,56670,Diesel,1,Manual,21727
BMW,2021,64237,Gasoline,5,Automatic,48648
Toyota,2013,42088,Diesel,4,Automatic,31258
Honda,2013,79920,Electric,2,Automatic,30039
Honda,2005,65773,Gasoline,1,Manual,17779
BMW,2006,61495,Gasoline,3,Manual,36666
Toyota,2020,83849,Electric,4,Manual,33779
BMW,2005,57597,Electric,4,Manual,47056
Toyota,2014,56351,Gasoline,1,Manual,20559
Mercedes,2022,50307,Electric,3,Automatic,58118
Ford,2012,66861,Diesel,2,Automatic,24831
Ford,2015,66169,Diesel,1,Automatic,21175
Ford,2006,46674,Gasoline,2,Manual,19345
BMW,2012,56446,Diesel,4,Manual,36500
Mercedes,2012,46807,Diesel,2,Manual,42600
Toyota,2021,45902,Gasoline,3,Manual,32355
Honda,2019,25402,Electric,5,Manual,37856
Toyota,2021,55381,Gasoline,3,Manual,27707
Honda,2017,25955,Diesel,2,Manual,29749
Toyota,2023,50743,Gasoline,1,Automatic,28377
Mercedes,2009,47746,Gasoline,4,Automatic,49139
Honda,2016,81037,Diesel,5,Manual,30796
BMW,2005,39701,Diesel,1,Manual,35971
Toyota,2009,44776,Gasoline,1,Manual,17371
Toyota,2012,52369,Diesel,3,Automatic,27673
Honda,2017,48397,Diesel,2,Automatic,34507
BMW,2012,87385,Diesel,3,Manual,38149
BMW,2015,37228,Diesel,2,Automatic,50611
Mercedes,2005,52411,Diesel,3,Automatic,48797
BMW,2017,66641,Diesel,1,Automatic,43706
BMW,2023,77623,Electric,4,Manual,53713
BMW,2007,52395,Gasoline,2,Automatic,37450
Ford,2021,21638,Diesel,5,Automatic,35740
Mercedes,2009,56997,Gasoline,5,Manual,44272
Toyota,2024,87040,Electric,1,Manual,33520
Honda,2012,65643,Diesel,3,Automatic,24493
Toyota,2018,64728,Gasoline,3,Manual,23932
Mercedes,2008,38739,Diesel,1,Automatic,47165
Honda,2015,36686,Diesel,5,Automatic,29941
Mercedes,2024,60360,Diesel,5,Manual,56254
BMW,2019,31472,Diesel,3,Manual,41637
Honda,2023,75627,Diesel,2,Automatic,31977
BMW,2011,43067,Diesel,4,Manual,41931
Toyota,2023,59506,Diesel,2,Manual,32167
Toyota,2023,22284,Electric,5,Automatic,44721
Honda,2015,52123,Electric,2,Automatic,30374
Honda,2009,36282,Diesel,4,Automatic,28309
Mercedes,2009,13560,Diesel,2,Automatic,48141
Mercedes,2012,70836,Electric,2,Automatic,52694
BMW,2014,92823,Electric,2,Automatic,49009
Honda,2010,82589,Electric,2,Manual,26241
Toyota,2019,73633,Diesel,1,Manual,22791
Mercedes,2020,51717,Gasoline,5,Automatic,52414
Mercedes,2021,76117,Gasoline,4,Manual,48162
Toyota,2012,84477,Gasoline,5,Manual,24727
Mercedes,2012,62736,Gasoline,1,Automatic,48675
BMW,2013,36312,Diesel,1,Manual,41694
Honda,2006,50012,Gasoline,1,Manual,18872
Toyota,2019,94053,Electric,1,Automatic,34689
Honda,2022,58505,Electric,2,Manual,35174
Mercedes,2007,0,Gasoline,5,Manual,48110
Mercedes,2021,30621,Electric,3,Automatic,61295
Toyota,2008,51511,Diesel,4,Manual,25504
BMW,2008,80716,Gasoline,1,Manual,28780
Ford,2018,54537,Gasoline,5,Manual,27534
Toyota,2013,81088,Diesel,1,Automatic,24464
Ford,2013,49476,Electric,1,Automatic,29528
Ford,2022,20714,Diesel,1,Manual,26352
BMW,2014,50168,Diesel,1,Manual,39593
Ford,2008,66898,Electric,1,Automatic,29190
Ford,2016,65239,Diesel,4,Automatic,30336
BMW,2012,34897,Electric,5,Manual,52739
Ford,2006,52976,Electric,1,Automatic,28871
Ford,2017,113693,Diesel,1,Manual,19715
Ford,2020,35334,Electric,1,Manual,33283
Toyota,2006,73214,Diesel,1,Automatic,18346
Toyota,2015,18066,Electric,2,Automatic,36328
Toyota,2014,77275,Gasoline,2,Manual,21632
BMW,2019,42153,Electric,3,Manual,54454
Mercedes,2021,68041,Electric,1,Automatic,56772
Ford,2012,34169,Diesel,3,Manual,22122
Ford,2022,65817,Electric,4,Automatic,40398
BMW,2013,41826,Gasoline,3,Automatic,45228
Ford,2012,45699,Gasoline,5,Automatic,28535
Toyota,2018,68839,Electric,2,Automatic,37438
Mercedes,2022,51392,Electric,2,Automatic,53938
Honda,2024,67607,Gasoline,1,Manual,20220
Ford,2024,56183,Diesel,1,Automatic,27333
Toyota,2016,61349,Gasoline,4,Automatic,30730
Honda,2023,68901,Gasoline,4,Automatic,35619
Mercedes,2018,52999,Electric,5,Automatic,59097
Honda,2021,40079,Electric,1,Automatic,34788
Toyota,2007,49353,Gasoline,1,Automatic,22209
Honda,2011,83902,Diesel,4,Automatic,26320
BMW,2021,62323,Gasoline,4,Manual,43785
Honda,2016,43102,Gasoline,4,Manual,26501
Ford,2013,68031,Diesel,2,Manual,24728
Ford,2019,69366,Gasoline,3,Manual,27263
BMW,2022,70399,Gasoline,3,Automatic,46526
Toyota,2017,40443,Electric,1,Manual,35786
Ford,2012,46352,Diesel,2,Automatic,26700
Mercedes,2018,46463,Electric,4,Manual,59484
Ford,2012,52787,Electric,1,Manual,25639
Ford,2018,70778,Diesel,2,Automatic,26153
Toyota,2011,65923,Diesel,5,Automatic,29375
Honda,2016,67504,Gasoline,2,Manual,22951
Ford,2015,87080,Electric,1,Manual,27265
BMW,2015,73777,Diesel,3,Manual,41959
Honda,2017,57163,Electric,4,Manual,39088
Mercedes,2022,36322,Electric,5,Automatic,65626
Toyota,2006,45709,Diesel,2,Manual,20684
Mercedes,2019,54765,Gasoline,1,Manual,44755
Honda,2024,76582,Electric,1,Manual,36180
Honda,2022,59453,Diesel,4,Manual,32591
Honda,2019,46876,Gasoline,1,Manual,27139
Mercedes,2023,45342,Electric,1,Automatic,57267
Honda,2016,58608,Diesel,4,Automatic,29646
Mercedes,2017,77799,Electric,5,Automatic,58215
Honda,2015,91820,Diesel,3,Automatic,26605
BMW,2009,55884,Diesel,3,Automatic,40079
Honda,2005,59105,Electric,2,Manual,26635
Mercedes,2007,35721,Electric,5,Automatic,57338
Ford,2023,98783,Diesel,2,Automatic,31238
Honda,2011,31979,Gasoline,3,Manual,20380
Ford,2016,83433,Electric,4,Automatic,33440
BMW,2019,52693,Diesel,1,Automatic,45976
Toyota,2009,48012,Diesel,3,Automatic,27966
BMW,2019,37799,Gasoline,5,Automatic,49699
Honda,2012,108200,Gasoline,3,Manual,23117
Ford,2014,64429,Gasoline,5,Manual,23758
Ford,2020,60425,Electric,5,Automatic,38521
Mercedes,2012,77734,Diesel,5,Manual,45920
Ford,2005,46983,Diesel,2,Automatic,18125
Mercedes,2016,60036,Diesel,4,Manual,49263
Toyota,2009,61126,Gasoline,3,Manual,21397
Honda,2007,49757,Diesel,4,Manual,22546
Mercedes,2005,83992,Electric,1,Manual,42473
Toyota,2008,55626,Gasoline,3,Manual,22183
Ford,2012,28937,Gasoline,4,Manual,23456
Ford,2007,53970,Gasoline,4,Manual,21744
Toyota,2014,64983,Gasoline,1,Manual,22669
Ford,2006,42130,Electric,5,Manual,30304
Toyota,2015,43708,Diesel,3,Manual,27089
Mercedes,2014,49074,Electric,3,Manual,53917
Mercedes,2018,84424,Diesel,1,Automatic,47221
Toyota,2011,50256,Electric,5,Manual,37647
Mercedes,2006,88582,Gasoline,3,Automatic,43207
Mercedes,2013,47700,Gasoline,3,Manual,47306
Mercedes,2020,66500,Electric,3,Automatic,59896
BMW,2017,51075,Electric,5,Automatic,53309
Honda,2013,75081,Diesel,1,Automatic,23129
Ford,2024,37634,Electric,3,Manual,37022
BMW,2008,74857,Electric,4,Manual,47494
Mercedes,2014,62277,Diesel,5,Manual,53241
Toyota,2016,47200,Diesel,2,Manual,25671
Mercedes,2021,56675,Diesel,1,Automatic,50276
Honda,2018,90677,Electric,4,Manual,35565
Mercedes,2018,62756,Diesel,3,Manual,48246
Toyota,2006,45945,Gasoline,2,Manual,23490
Honda,2024,35906,Gasoline,1,Manual,24509
Mercedes,2015,70108,Gasoline,5,Manual,49350
Honda,2020,63916,Electric,2,Manual,34640
Ford,2023,73900,Gasoline,2,Manual,27609
Ford,2010,30755,Electric,4,Manual,32086
Mercedes,2023,36554,Electric,1,Automatic,60455
Honda,2009,82937,Gasoline,4,Automatic,24354
Toyota,2008,66626,Diesel,4,Manual,23065
Mercedes,2019,70668,Electric,3,Manual,53072
Ford,2008,40746,Gasoline,5,Manual,21079
Ford,2024,40380,Electric,2,Manual,34598
Mercedes,2014,79825,Diesel,1,Automatic,46131
Honda,2007,80767,Diesel,5,Automatic,26545
Ford,2009,38233,Gasoline,5,Manual,24984
Honda,2010,34412,Electric,1,Automatic,33749
Ford,2012,57828,Electric,5,Automatic,35073
Ford,2011,44013,Electric,3,Manual,34979
BMW,2014,43596,Electric,5,Manual,53330
Ford,2010,34972,Gasoline,3,Manual,21857
Toyota,2018,50631,Diesel,2,Automatic,30029
Mercedes,2008,36906,Gasoline,2,Automatic,42638
Mercedes,2017,38091,Electric,4,Manual,57043
Honda,2024,65967,Electric,3,Manual,32378
Ford,2021,58896,Diesel,2,Automatic,32066
Toyota,2011,69697,Electric,5,Automatic,31381
Honda,2008,27019,Gasoline,1,Manual,19732
BMW,2018,60197,Gasoline,1,Automatic,39702
Honda,2007,101512,Diesel,3,Manual,18522
Honda,2009,52554,Gasoline,4,Manual,22227
Ford,2020,76494,Gasoline,5,Automatic,35026
BMW,2024,76320,Gasoline,3,Automatic,44977
Honda,2008,77303,Gasoline,1,Automatic,21963
Toyota,2006,63333,Electric,3,Manual,31154
Toyota,2022,71321,Gasoline,5,Manual,26757
Mercedes,2023,73980,Diesel,2,Manual,47570
BMW,2023,72708,Diesel,5,Manual,51333
BMW,2021,37651,Gasoline,2,Manual,40487
Mercedes,2018,25852,Diesel,2,Manual,51103
Honda,2023,28928,Gasoline,2,Automatic,31517
BMW,2017,54596,Diesel,3,Manual,43147
Toyota,2016,71878,Diesel,1,Manual,24045
Toyota,2010,37911,Gasoline,3,Manual,24789
Ford,2008,78479,Gasoline,1,Manual,14164
BMW,2023,49954,Electric,5,Automatic,58481
Honda,2020,50144,Gasoline,4,Manual,29733
Mercedes,2017,43277,Gasoline,5,Automatic,53689
Mercedes,2008,22304,Electric,3,Automatic,55583
Honda,2021,64586,Gasoline,3,Manual,25833
Ford,2005,94253,Gasoline,1,Manual,15051
Mercedes,2022,58746,Electric,3,Automatic,60315
BMW,2024,22987,Gasoline,2,Automatic,45189
Ford,2021,75606,Gasoline,3,Manual,24656
BMW,2019,27504,Electric,1,Automatic,50333
Toyota,2015,35819,Electric,1,Manual,29892
Ford,2017,55233,Diesel,2,Manual,23785
Mercedes,2005,62456,Gasoline,1,Automatic,41604
Ford,2021,39826,Diesel,4,Manual,29255
Ford,2010,54453,Diesel,5,Manual,26227
Ford,2008,74303,Electric,3,Manual,27407
Ford,2024,77043,Gasoline,4,Automatic,30089
BMW,2020,85029,Gasoline,3,Automatic,44058
Toyota,2019,98188,Electric,4,Automatic,39820
Honda,2019,76197,Diesel,3,Manual,27489
Ford,2010,55665,Electric,2,Automatic,31814
Mercedes,2019,77186,Gasoline,1,Automatic,49185
Ford,2018,69334,Electric,1,Automatic,33403
Mercedes,2015,70127,Gasoline,2,Manual,39652
BMW,2011,63544,Diesel,4,Manual,41863
Mercedes,2013,41758,Gasoline,5,Automatic,50175
Honda,2020,39438,Diesel,4,Automatic,37648
Toyota,2009,58057,Diesel,1,Automatic,24895
Mercedes,2024,62978,Gasoline,5,Manual,51656
Mercedes,2014,46411,Gasoline,3,Automatic,49812
Toyota,2022,68466,Diesel,5,Manual,33258
Honda,2007,101615,Electric,4,Manual,24483
Ford,2017,25113,Gasoline,2,Manual,26470
Mercedes,2015,71644,Diesel,3,Automatic,48606
Toyota,2021,58680,Diesel,4,Automatic,37407
BMW,2017,69013,Electric,3,Manual,48800
Toyota,2010,51385,Gasoline,5,Manual,29309
BMW,2021,57078,Diesel,1,Manual,42995
Honda,2017,62590,Electric,4,Manual,36818
Ford,2023,53967,Diesel,2,Automatic,29817
Toyota,2023,29589,Gasoline,5,Automatic,37726
Mercedes,2014,55321,Electric,4,Manual,51281
Honda,2007,31671,Diesel,2,Manual,21662
Toyota,2018,73063,Electric,4,Manual,32877
Mercedes,2023,22689,Gasoline,5,Automatic,55079
Toyota,2009,80573,Electric,4,Manual,29189
BMW,2009,68591,Gasoline,3,Automatic,41391
Toyota,2024,68667,Diesel,5,Manual,33771
Toyota,2021,16713,Gasoline,4,Automatic,35227
Toyota,2014,53428,Diesel,1,Automatic,26479
Honda,2009,83071,Diesel,4,Manual,25507
Toyota,2008,49627,Gasoline,3,Automatic,25526
Mercedes,2010,38438,Diesel,2,Automatic,47575
BMW,2008,47266,Electric,2,Automatic,45996
BMW,2011,58634,Diesel,2,Automatic,43867
Toyota,2011,42972,Gasoline,1,Manual,23800
Honda,2022,84676,Electric,3,Manual,34692
Honda,2007,58706,Electric,5,Manual,30396
Mercedes,2005,48888,Diesel,2,Manual,37823
Toyota,2008,33973,Diesel,3,Manual,23064
BMW,2010,69688,Gasoline,4,Automatic,37681
Honda,2013,69233,Electric,1,Automatic,29217
Toyota,2018,44155,Gasoline,3,Automatic,31506
Honda,2016,15273,Diesel,3,Automatic,31635
Honda,2024,68215,Electric,5,Manual,44235
BMW,2008,56263,Gasoline,3,Manual,36444
Ford,2016,66721,Gasoline,5,Automatic,28765
Mercedes,2014,99143,Gasoline,1,Manual,42168
Mercedes,2011,59463,Gasoline,1,Automatic,39672
BMW,2007,49723,Gasoline,4,Automatic,38550
Honda,2018,37053,Electric,5,Manual,39475
Toyota,2014,53751,Gasoline,5,Manual,27921
Honda,2020,63211,Electric,2,Manual,32994
BMW,2020,61066,Gasoline,2,Manual,39572
Mercedes,2014,94469,Diesel,4,Manual,46756
Honda,2017,69981,Diesel,1,Manual,21884
Mercedes,2010,57303,Gasoline,2,Manual,41780
Toyota,2016,45868,Diesel,3,Automatic,28889
Mercedes,2013,65333,Electric,1,Manual,48868
Mercedes,2017,41859,Gasoline,3,Automatic,54456
Ford,2008,63596,Electric,5,Automatic,32970
Ford,2015,69748,Gasoline,1,Manual,19749
Ford,2024,55670,Diesel,4,Automatic,33811
Mercedes,2022,47394,Electric,5,Manual,60979
BMW,2015,16294,Diesel,5,Automatic,51121
Mercedes,2008,82876,Diesel,3,Automatic,45870
BMW,2022,68066,Gasoline,5,Automatic,50155
BMW,2005,68552,Electric,2,Manual,41210
Ford,2011,28772,Diesel,1,Automatic,24761
Honda,2010,87596,Gasoline,2,Automatic,21692
Toyota,2019,50695,Gasoline,3,Automatic,27340
Ford,2022,54224,Gasoline,3,Manual,32550
Ford,2015,38614,Diesel,1,Automatic,27525
Honda,2024,24261,Gasoline,5,Manual,31828
Toyota,2019,83146,Electric,4,Automatic,39302
Mercedes,2020,85731,Electric,3,Automatic,55021
Mercedes,2011,56689,Diesel,1,Automatic,44177
Ford,2014,46412,Electric,4,Manual,30215
Toyota,2016,52459,Gasoline,5,Automatic,32274
Ford,2018,53007,Diesel,3,Automatic,26686
BMW,2009,36002,Gasoline,1,Automatic,39476
Ford,2022,54154,Diesel,1,Automatic,30156
Ford,2009,63062,Diesel,1,Manual,17192
Mercedes,2007,80363,Gasoline,3,Automatic,43803
Mercedes,2009,60284,Electric,4,Automatic,53225
Mercedes,2021,28472,Electric,1,Automatic,59099
BMW,2023,67070,Diesel,5,Automatic,50269
Mercedes,2023,54881,Gasoline,1,Manual,48333
Toyota,2016,87408,Gasoline,4,Automatic,25506
Honda,2013,88589,Diesel,3,Automatic,24560
Toyota,2005,89289,Electric,1,Manual,21817
Toyota,2022,48768,Gasoline,1,Automatic,29968
Mercedes,2008,99797,Electric,5,Automatic,55120
Honda,2014,67018,Electric,5,Automatic,38210
Honda,2011,92527,Diesel,1,Manual,18355
Honda,2005,49947,Diesel,1,Automatic,15912
BMW,2021,54028,Electric,5,Manual,54876
Mercedes,2006,65480,Gasoline,4,Manual,43802
Honda,2015,63037,Gasoline,2,Manual,28209
BMW,2013,85096,Diesel,2,Manual,37396
Ford,2011,55357,Electric,1,Manual,25401
Ford,2021,83292,Gasoline,5,Manual,28975
BMW,2021,74644,Gasoline,3,Manual,42255
BMW,2006,55732,Diesel,3,Automatic,43264
Mercedes,2010,73093,Electric,2,Automatic,50228
Mercedes,2018,50534,Gasoline,4,Manual,48475
Ford,2010,107004,Diesel,2,Manual,20402
Honda,2006,6713,Gasoline,1,Manual,20281
Ford,2005,73458,Gasoline,4,Manual,21649
Honda,2014,24708,Gasoline,3,Manual,24891
Honda,2009,55486,Diesel,5,Manual,28752
Mercedes,2006,58287,Electric,5,Automatic,51757
Toyota,2020,90152,Diesel,1,Automatic,24744
Toyota,2006,46156,Electric,2,Manual,30750
BMW,2014,86160,Gasoline,1,Manual,35706
Mercedes,2006,36423,Electric,5,Manual,55020
Honda,2020,86933,Gasoline,3,Automatic,28852
Toyota,2020,50513,Gasoline,5,Manual,31460
Honda,2023,61468,Diesel,4,Automatic,31770
Toyota,2011,53272,Gasoline,5,Automatic,29782
Toyota,2016,85647,Diesel,5,Automatic,34940
Toyota,2019,81754,Electric,4,Manual,36025
Mercedes,2012,68870,Electric,2,Manual,51420
Ford,2010,36962,Gasoline,5,Automatic,29460
Honda,2014,45699,Diesel,1,Automatic,24189
Mercedes,2007,39428,Gasoline,5,Automatic,50242
Mercedes,2023,15037,Diesel,1,Automatic,52620
Mercedes,2021,85226,Diesel,4,Manual,49719
Mercedes,2011,53443,Diesel,5,Automatic,55523
Mercedes,2024,53230,Electric,4,Manual,61033
BMW,2008,89922,Diesel,4,Automatic,40226
Honda,2018,50480,Electric,2,Manual,33105
Mercedes,2024,43190,Diesel,5,Automatic,58413
Honda,2019,55505,Electric,1,Manual,35096
BMW,2012,37346,Electric,1,Manual,45211
BMW,2019,66887,Electric,5,Manual,57571
Honda,2024,52526,Gasoline,2,Automatic,28280
Toyota,2018,49854,Diesel,2,Manual,27442
Ford,2013,48121,Gasoline,2,Automatic,23068
Toyota,2012,57875,Diesel,1,Manual,21616
Toyota,2021,61669,Diesel,4,Manual,30470
Toyota,2006,49600,Gasoline,2,Automatic,21597
Mercedes,2007,52824,Electric,1,Manual,50319
BMW,2012,58369,Diesel,1,Manual,40426
Toyota,2016,56351,Electric,4,Automatic,39487
BMW,2005,60621,Gasoline,5,Manual,37520
Honda,2014,46466,Electric,5,Manual,34310
Ford,2024,80091,Diesel,2,Manual,28479
Honda,2007,61936,Diesel,2,Manual,21003
Honda,2010,49923,Diesel,4,Automatic,28214
Mercedes,2011,66887,Gasoline,2,Manual,42738
Ford,2024,58512,Diesel,4,Manual,32856
Honda,2022,25323,Gasoline,1,Manual,26425
Honda,2015,66819,Electric,2,Manual,29084
Ford,2023,39609,Diesel,1,Manual,24377
Ford,2009,78688,Diesel,3,Manual,21566
Honda,2023,55165,Diesel,4,Manual,36076
Ford,2015,75601,Electric,3,Manual,28498
Honda,2016,47395,Diesel,2,Automatic,30829
Honda,2014,61398,Gasoline,1,Automatic,22578
Mercedes,2012,84204,Electric,2,Automatic,51341
Toyota,2013,54619,Electric,3,Automatic,37598
Honda,2008,48183,Electric,2,Manual,27580
BMW,2009,73100,Electric,5,Manual,48341
Toyota,2012,72713,Electric,3,Automatic,34822
Toyota,2013,49025,Gasoline,2,Automatic,25200
Toyota,2019,20290,Electric,1,Automatic,39275
Mercedes,2019,47799,Diesel,2,Manual,47986
Honda,2020,73547,Electric,1,Manual,28545
Mercedes,2018,44499,Electric,5,Automatic,59990
Honda,2012,59781,Electric,2,Automatic,26277
Mercedes,2022,46850,Electric,5,Automatic,63761
Mercedes,2014,21356,Electric,3,Automatic,60540
BMW,2024,46490,Gasoline,1,Automatic,43581
Mercedes,2010,73462,Gasoline,3,Manual,43497
Ford,2016,12594,Electric,1,Automatic,35231
BMW,2006,65043,Gasoline,5,Manual,37244
Mercedes,2011,36278,Diesel,4,Automatic,53759
Toyota,2020,72168,Electric,2,Automatic,36346
Ford,2007,74286,Diesel,5,Manual,27306
Ford,2017,56561,Diesel,1,Automatic,22900
Ford,2007,56606,Electric,1,Manual,24131
BMW,2022,43872,Diesel,1,Manual,43005
Mercedes,2015,33088,Diesel,1,Automatic,48264
Mercedes,2012,93961,Diesel,2,Automatic,46734
Toyota,2010,42698,Electric,3,Manual,38661
Toyota,2005,91355,Electric,4,Manual,29342
Ford,2005,42809,Diesel,2,Automatic,22407
Toyota,2012,70503,Electric,1,Manual,26282
BMW,2009,37243,Electric,2,Automatic,44357
Mercedes,2020,70467,Diesel,5,Manual,54317
Ford,2015,53488,Electric,1,Automatic,30732
Toyota,2009,53749,Gasoline,4,Manual,29520
BMW,2008,72200,Electric,1,Manual,43126
BMW,2010,50617,Gasoline,4,Automatic,43652
Toyota,2018,31437,Diesel,4,Manual,32216
Mercedes,2023,75226,Electric,3,Manual,57546
Toyota,2013,37081,Diesel,3,Manual,25756
Ford,2016,70330,Diesel,2,Manual,19980
Toyota,2015,79459,Diesel,2,Manual,23425
BMW,2018,52490,Diesel,4,Manual,45338
Toyota,2020,83647,Diesel,1,Manual,24022
Mercedes,2005,69635,Electric,5,Automatic,51446
Honda,2017,46082,Gasoline,5,Manual,27699
Toyota,2017,88028,Electric,1,Manual,32170
Mercedes,2006,37166,Electric,1,Automatic,51638
Mercedes,2008,52465,Electric,3,Manual,50719
BMW,2010,55873,Electric,5,Manual,50380
Mercedes,2009,72104,Gasoline,4,Automatic,44130
Mercedes,2007,82308,Electric,2,Manual,45293
Mercedes,2005,81055,Diesel,3,Manual,41569
Mercedes,2008,64474,Electric,5,Automatic,53767
Ford,2024,54394,Electric,1,Automatic,36497
Ford,2006,23480,Gasoline,5,Manual,21300
BMW,2009,33717,Gasoline,4,Manual,37014
Toyota,2007,95333,Diesel,3,Automatic,25705
Mercedes,2013,23278,Electric,1,Manual,53390
Toyota,2024,44310,Electric,4,Automatic,42022
Toyota,2010,82892,Electric,2,Automatic,28314
BMW,2022,64194,Diesel,3,Automatic,43873
Mercedes,2010,78560,Gasoline,4,Manual,47255
Mercedes,2023,70856,Diesel,4,Automatic,55179
Honda,2016,89391,Electric,1,Automatic,30314
Toyota,2015,65908,Gasoline,2,Automatic,25976
Toyota,2006,73268,Gasoline,4,Manual,18009
Ford,2019,45515,Diesel,3,Manual,28964
Honda,2016,71726,Gasoline,4,Manual,29913
Ford,2016,52077,Gasoline,5,Automatic,28830
Ford,2013,50937,Electric,3,Manual,35720
Ford,2006,77894,Electric,3,Manual,25872
BMW,2007,78032,Gasoline,4,Automatic,43431
BMW,2016,93768,Gasoline,1,Automatic,39925
Ford,2020,92465,Diesel,3,Manual,26488
Honda,2005,78346,Diesel,5,Manual,26770
Toyota,2007,25591,Gasoline,1,Automatic,24785
Honda,2024,96553,Electric,1,Manual,32922
Mercedes,2006,78359,Gasoline,1,Automatic,36199
BMW,2013,44682,Gasoline,3,Automatic,40251
Toyota,2023,74578,Electric,1,Manual,34688
Toyota,2019,39254,Electric,4,Manual,40972
Mercedes,2022,72372,Diesel,1,Manual,47138
Mercedes,2015,33674,Diesel,5,Manual,50133
Ford,2020,43835,Diesel,2,Automatic,26129
BMW,2021,74198,Diesel,5,Manual,45722
BMW,2009,81457,Electric,3,Manual,44689
Honda,2016,66508,Gasoline,1,Manual,19961
Ford,2015,54276,Diesel,1,Automatic,23357
Ford,2019,17702,Diesel,4,Manual,30512
Ford,2007,55819,Electric,1,Manual,27605
Ford,2005,70669,Electric,5,Automatic,33335
BMW,2024,53664,Gasoline,3,Automatic,48888
BMW,2020,59548,Gasoline,2,Automatic,44899
Ford,2006,56287,Electric,1,Automatic,28287
Honda,2006,53565,Diesel,2,Automatic,23101
Toyota,2007,61517,Diesel,1,Manual,19101
Toyota,2012,54546,Diesel,3,Automatic,30249
Honda,2019,88865,Gasoline,5,Automatic,30605
Ford,2011,15871,Diesel,3,Automatic,25829
BMW,2010,49083,Diesel,2,Automatic,44432
Toyota,2013,42594,Electric,1,Automatic,29630
Mercedes,2024,64382,Diesel,2,Automatic,55817
Mercedes,2005,61542,Electric,5,Automatic,55435
Honda,2012,92443,Diesel,3,Automatic,23939
Ford,2007,99022,Gasoline,2,Manual,16097
Toyota,2008,44538,Diesel,2,Manual,21915
Ford,2019,60010,Diesel,5,Manual,31614
Toyota,2010,63926,Electric,1,Automatic,32379
Honda,2019,44043,Electric,2,Automatic,37720
Honda,2007,72567,Electric,5,Automatic,35364
Mercedes,2018,55209,Diesel,1,Manual,45509
Ford,2024,38647,Diesel,1,Automatic,34090
Mercedes,2018,54408,Gasoline,3,Automatic,52726
Ford,2008,40046,Diesel,5,Automatic,27543
Mercedes,2016,80732,Gasoline,1,Manual,43585
BMW,2021,98031,Electric,3,Manual,51045
BMW,2011,64896,Electric,4,Automatic,50235
BMW,2013,62225,Electric,5,Manual,49712
BMW,2007,63048,Gasoline,4,Automatic,43276
Toyota,2017,83644,Diesel,1,Automatic,26788
BMW,2019,83213,Electric,5,Manual,52859
Honda,2022,57686,Diesel,3,Manual,32417
Honda,2023,65051,Diesel,1,Manual,31814
Toyota,2005,73052,Electric,5,Manual,29794
BMW,2010,37246,Gasoline,5,Automatic,44695
BMW,2006,84252,Diesel,4,Automatic,40935
BMW,2018,94696,Electric,1,Manual,45458
Mercedes,2010,83300,Diesel,3,Manual,44087
Ford,2018,35088,Diesel,3,Automatic,29765
Mercedes,2008,20599,Diesel,1,Automatic,42937
Ford,2012,74174,Diesel,1,Automatic,26298
BMW,2007,44796,Diesel,2,Automatic,41484
BMW,2023,65742,Gasoline,4,Manual,44875
Mercedes,2018,90702,Gasoline,1,Manual,43339
Mercedes,2024,46860,Electric,1,Manual,59322
Ford,2021,52448,Gasoline,2,Automatic,26801
Honda,2012,65534,Gasoline,2,Automatic,24645
Ford,2018,34049,Gasoline,5,Manual,26517
Mercedes,2010,44842,Diesel,3,Manual,45021
Mercedes,2020,60497,Diesel,4,Manual,52208
Toyota,2023,53990,Electric,5,Automatic,41571
Mercedes,2018,72168,Electric,1,Manual,51017
Toyota,2023,115319,Electric,2,Automatic,37833
Honda,2007,61982,Diesel,3,Manual,23079
Ford,2014,43165,Gasoline,5,Manual,24526
Ford,2023,88364,Gasoline,3,Manual,26829
Toyota,2013,28223,Diesel,2,Automatic,30206
Ford,2024,32221,Electric,5,Automatic,43604
Mercedes,2017,48097,Electric,5,Automatic,63273
BMW,2011,54342,Electric,3,Automatic,48603
Toyota,2018,47618,Diesel,2,Automatic,31444
Ford,2013,59369,Electric,1,Automatic,28201
Toyota,2023,65494,Electric,5,Manual,37024
Toyota,2019,81379,Diesel,1,Automatic,29493
BMW,2024,61823,Gasoline,2,Manual,43449
Mercedes,2018,48761,Diesel,5,Automatic,54135
Toyota,2010,80292,Diesel,5,Manual,24355
Ford,2008,43645,Diesel,1,Manual,20971
Honda,2012,27347,Diesel,4,Automatic,27616
Toyota,2021,84119,Gasoline,1,Manual,26279
Toyota,2013,82837,Electric,1,Automatic,32260
BMW,2005,44154,Diesel,4,Automatic,39376
Mercedes,2024,52018,Gasoline,2,Automatic,52151
Honda,2018,41661,Electric,2,Automatic,41724
Ford,2015,66532,Electric,5,Manual,36552
Honda,2007,94640,Electric,3,Automatic,28111
Ford,2013,74057,Diesel,3,Manual,24730
Mercedes,2018,80714,Diesel,5,Manual,47632
Ford,2013,76394,Electric,3,Manual,26937
BMW,2008,59997,Electric,1,Automatic,44865
BMW,2008,81666,Electric,1,Manual,42019
BMW,2012,74900,Electric,4,Automatic,52377
BMW,2006,88788,Electric,4,Manual,45710
Honda,2013,50809,Electric,5,Automatic,38949
Mercedes,2018,25237,Gasoline,5,Automatic,51510
Ford,2013,80905,Electric,5,Automatic,35332
Ford,2020,66995,Diesel,1,Automatic,29087
BMW,2021,54079,Diesel,3,Manual,46182
BMW,2020,55196,Diesel,5,Manual,48104
Toyota,2016,111093,Electric,5,Automatic,38103
Mercedes,2007,47156,Diesel,1,Manual,41267
Honda,2015,42933,Gasoline,1,Automatic,21423
Ford,2018,61705,Electric,1,Automatic,35224
Toyota,2022,83609,Diesel,3,Manual,29098
Toyota,2009,105568,Gasoline,5,Automatic,27636
Ford,2020,73147,Gasoline,2,Automatic,22231
Honda,2024,34591,Diesel,2,Automatic,36592
Toyota,2009,99417,Gasoline,5,Automatic,24216
Toyota,2007,59610,Diesel,5,Automatic,34102
Mercedes,2016,43245,Gasoline,5,Manual,54076
Honda,2005,38412,Electric,5,Manual,28929
Toyota,2013,76726,Electric,3,Manual,33297
Honda,2013,64776,Electric,2,Automatic,30726
Ford,2008,66901,Electric,4,Automatic,30876
BMW,2007,85730,Electric,2,Automatic,43479
Toyota,2021,43956,Diesel,2,Automatic,33198
Mercedes,2006,87323,Electric,1,Automatic,48283
Ford,2005,49616,Electric,5,Automatic,30615
Honda,2012,103280,Electric,5,Manual,32715
Ford,2017,71974,Electric,5,Automatic,37493
Toyota,2019,41595,Gasoline,1,Manual,21779
Honda,2012,19491,Electric,3,Automatic,35157
BMW,2016,76178,Electric,3,Manual,51511
Ford,2016,52516,Diesel,4,Automatic,29573
Toyota,2018,56888,Gasoline,3,Manual,23484
Mercedes,2019,75323,Diesel,3,Manual,49862
Honda,2019,80208,Electric,5,Automatic,37634
Ford,2013,84474,Diesel,2,Automatic,24705
Ford,2023,36503,Diesel,3,Manual,29830
BMW,2024,88517,Electric,3,Automatic,58097
BMW,2012,48419,Gasoline,1,Automatic,39236
Mercedes,2023,14875,Gasoline,4,Automatic,53967
Mercedes,2010,36431,Diesel,1,Manual,41740
Toyota,2024,64360,Electric,5,Automatic,41324
Toyota,2023,40423,Diesel,2,Manual,30060
Mercedes,2008,58239,Diesel,4,Manual,48627
Mercedes,2011,66765,Diesel,1,Automatic,47158
Honda,2008,56372,Electric,3,Manual,33263
BMW,2016,50112,Electric,3,Automatic,53452
Toyota,2017,34986,Gasoline,4,Automatic,32536
BMW,2007,60438,Electric,3,Manual,42481
BMW,2016,18700,Diesel,1,Manual,42104
Mercedes,2006,46280,Diesel,1,Manual,39925
Honda,2006,41444,Gasoline,3,Manual,22485
Ford,2013,55212,Electric,3,Manual,28494
Honda,2005,55733,Diesel,5,Automatic,27318
Honda,2012,79199,Gasoline,2,Manual,17393
BMW,2010,91669,Gasoline,4,Automatic,41591
Honda,2010,37644,Diesel,1,Automatic,25969
Toyota,2022,99856,Diesel,4,Manual,26764
BMW,2021,44414,Electric,5,Manual,52599
Toyota,2016,63450,Gasoline,1,Manual,20235
Ford,2010,70217,Diesel,5,Manual,24633
BMW,2012,108891,Gasoline,5,Manual,36760
Ford,2023,49154,Electric,3,Automatic,41799
BMW,2014,24065,Diesel,4,Automatic,48669
Mercedes,2005,89807,Electric,4,Automatic,52707
Honda,2017,43332,Gasoline,3,Manual,23155
Mercedes,2021,52768,Electric,4,Manual,60947
Ford,2007,37645,Electric,3,Automatic,32916
Honda,2012,52825,Gasoline,1,Manual,18994
BMW,2018,43192,Electric,5,Manual,50756
Honda,2007,73528,Gasoline,5,Manual,22671
Toyota,2020,61615,Diesel,4,Automatic,32986
Honda,2017,46378,Gasoline,2,Manual,23831
Toyota,2024,79917,Gasoline,5,Automatic,33593
Honda,2021,65099,Diesel,3,Manual,30187
Toyota,2017,23079,Gasoline,2,Manual,21644
Ford,2010,78394,Diesel,2,Automatic,25940
Mercedes,2021,63697,Diesel,5,Manual,54811
BMW,2018,87814,Gasoline,5,Manual,44030
Honda,2021,62478,Electric,5,Manual,38087
Mercedes,2012,44165,Electric,3,Automatic,57957
BMW,2015,55914,Diesel,2,Manual,40619
BMW,2024,76078,Electric,4,Manual,53139
Toyota,2005,44585,Electric,3,Manual,31548
Ford,2011,51194,Gasoline,1,Manual,23127
Ford,2021,55566,Diesel,5,Manual,29279
Mercedes,2014,37012,Diesel,2,Automatic,49998
Ford,2015,44873,Gasoline,3,Automatic,25083
Honda,2013,63451,Electric,1,Manual,29330
Ford,2013,84049,Diesel,3,Manual,21241
Mercedes,2009,66342,Electric,3,Automatic,55605
Ford,2021,59082,Diesel,4,Manual,29345
Honda,2013,43374,Diesel,4,Manual,27424
Toyota,2021,81903,Diesel,3,Manual,32167
Mercedes,2023,68670,Diesel,1,Manual,46100
Toyota,2011,45865,Electric,2,Manual,32076
Toyota,2013,77972,Electric,2,Manual,28834
Toyota,2011,71191,Electric,5,Manual,36333
BMW,2017,43729,Electric,5,Manual,56887
BMW,2015,57972,Gasoline,2,Automatic,41575
Toyota,2018,50144,Diesel,3,Automatic,27604
Mercedes,2023,112670,Diesel,3,Manual,46990
Honda,2015,70634,Diesel,4,Manual,31833
Honda,2017,63735,Gasoline,4,Manual,25629
Ford,2018,69453,Electric,5,Manual,39069
Mercedes,2017,87583,Diesel,2,Automatic,46908
BMW,2005,58332,Electric,3,Automatic,45321
Toyota,2012,48201,Electric,2,Automatic,35648
Ford,2016,76885,Gasoline,1,Automatic,24474
Honda,2023,56501,Gasoline,2,Manual,28879
BMW,2016,38602,Electric,1,Manual,47079
BMW,2012,34706,Diesel,4,Manual,45333
Toyota,2012,90585,Diesel,4,Automatic,30393
Honda,2017,62632,Gasoline,5,Manual,30666
Mercedes,2016,48208,Gasoline,2,Manual,43842
BMW,2020,55313,Gasoline,2,Automatic,46801
Toyota,2005,76148,Gasoline,1,Automatic,18649
Mercedes,2017,54131,Gasoline,4,Automatic,50979
Honda,2011,31011,Gasoline,1,Automatic,23594
BMW,2009,66516,Gasoline,4,Automatic,39677
Mercedes,2012,84166,Diesel,1,Manual,37820
Mercedes,2018,82829,Gasoline,4,Manual,49805
Mercedes,2017,48813,Gasoline,1,Automatic,45654
BMW,2019,85383,Diesel,4,Manual,43691
BMW,2021,64258,Diesel,1,Manual,40325
Ford,2019,84822,Electric,2,Manual,30245
Honda,2024,71473,Gasoline,5,Manual,30414
Toyota,2022,29568,Gasoline,1,Automatic,33079
Mercedes,2022,94934,Gasoline,5,Manual,49072
Ford,2006,61035,Gasoline,2,Manual,20877
Toyota,2008,71535,Electric,2,Manual,30201
Ford,2005,33119,Diesel,4,Automatic,24895
BMW,2008,70106,Diesel,5,Manual,41634
Mercedes,2022,82058,Gasoline,3,Automatic,51935
Toyota,2009,98706,Gasoline,4,Automatic,26747
Toyota,2023,88007,Gasoline,5,Automatic,35980
Toyota,2019,71084,Electric,1,Automatic,35319
Toyota,2012,29112,Electric,1,Manual,28635
Toyota,2024,62645,Diesel,2,Automatic,34149
Ford,2021,48149,Gasoline,3,Automatic,29619
Mercedes,2005,64699,Gasoline,1,Automatic,34686
BMW,2016,35673,Gasoline,5,Automatic,48996
BMW,2023,55796,Gasoline,5,Automatic,49241
BMW,2019,49656,Electric,1,Manual,47100
BMW,2013,49036,Diesel,5,Automatic,47560
Ford,2011,49235,Diesel,5,Manual,23430
Honda,2006,57282,Electric,2,Manual,26913
Mercedes,2013,65723,Gasoline,3,Automatic,46580
Toyota,2014,10030,Diesel,2,Manual,25744
Honda,2006,12471,Diesel,3,Manual,23968
BMW,2023,53226,Electric,5,Manual,52458
Honda,2015,56044,Gasoline,3,Automatic,27849
Mercedes,2017,63782,Diesel,5,Automatic,54752
Toyota,2014,45446,Gasoline,5,Automatic,32338
Toyota,2018,60189,Diesel,2,Automatic,31568
Mercedes,2022,62530,Electric,2,Automatic,60704
Mercedes,2023,45308,Gasoline,4,Automatic,54571
BMW,2013,80269,Electric,1,Automatic,48677
Toyota,2011,63539,Diesel,4,Manual,26152
Honda,2007,70939,Electric,4,Manual,28054
Ford,2024,61376,Electric,3,Automatic,38145
Ford,2010,102073,Electric,5,Manual,30430
Mercedes,2006,71927,Diesel,5,Automatic,50073
BMW,2010,50240,Gasoline,5,Automatic,44490
Ford,2007,76419,Electric,1,Automatic,25331
Toyota,2020,27247,Gasoline,3,Manual,32526
Mercedes,2012,62392,Diesel,3,Automatic,45510
Honda,2006,66383,Gasoline,5,Automatic,24346
Mercedes,2021,62620,Electric,4,Automatic,62654
Honda,2013,53324,Electric,1,Automatic,35366
Mercedes,2016,39754,Electric,4,Manual,57473
Mercedes,2007,44213,Electric,2,Automatic,52289
Mercedes,2015,62041,Electric,3,Manual,52816
Honda,2005,37729,Electric,3,Manual,29709
Honda,2017,95403,Diesel,4,Automatic,29988
Mercedes,2019,7182,Diesel,1,Automatic,50131
Ford,2009,53531,Diesel,3,Manual,21705
BMW,2021,62207,Gasoline,4,Manual,43154
BMW,2010,70148,Gasoline,1,Manual,34519
BMW,2015,41681,Diesel,4,Manual,44739
Honda,2022,82685,Gasoline,1,Automatic,30134
Honda,2008,32123,Gasoline,5,Manual,24199
Ford,2007,48677,Electric,1,Manual,24704
BMW,2017,72414,Electric,2,Manual,49897
BMW,2013,80803,Gasoline,5,Manual,45069
Mercedes,2010,31919,Gasoline,4,Automatic,49853
Honda,2016,112900,Diesel,5,Automatic,29347
BMW,2006,42050,Gasoline,5,Automatic,41951
Ford,2007,33756,Electric,4,Manual,26626
Ford,2007,70054,Gasoline,4,Manual,18641
BMW,2016,53034,Diesel,2,Automatic,44551
Honda,2019,50078,Electric,4,Automatic,39134
Ford,2013,71912,Electric,3,Manual,31151
Mercedes,2012,29454,Electric,3,Automatic,56136
Ford,2015,25957,Electric,2,Manual,30250
Toyota,2020,48051,Gasoline,1,Manual,26280
Toyota,2008,81558,Diesel,1,Manual,24432
Honda,2005,48918,Gasoline,3,Manual,19419
BMW,2011,91983,Gasoline,4,Manual,38678
Honda,2006,84020,Electric,2,Manual,26992
Honda,2009,65658,Diesel,1,Automatic,21573
Honda,2011,66794,Electric,1,Automatic,32705
Honda,2008,65640,Gasoline,5,Automatic,23559
Mercedes,2009,63194,Gasoline,3,Manual,41524
Mercedes,2005,52675,Electric,4,Automatic,52743
Ford,2005,54996,Gasoline,2,Manual,17552
Toyota,2019,38600,Gasoline,1,Manual,21626
Honda,2024,15799,Electric,5,Manual,44915
Ford,2023,82081,Gasoline,3,Manual,27224
Toyota,2014,63145,Diesel,3,Automatic,31588
BMW,2022,60124,Electric,2,Automatic,56719
Mercedes,2007,67968,Diesel,1,Automatic,41120
Toyota,2015,43432,Gasoline,2,Manual,19839
BMW,2019,39978,Gasoline,2,Automatic,47293
Toyota,2015,54326,Electric,5,Automatic,39210
Mercedes,2021,87361,Gasoline,3,Automatic,47865
Mercedes,2021,36625,Electric,4,Manual,60321
Ford,2010,7458,Electric,3,Automatic,39554
Honda,2009,49571,Electric,3,Manual,29803
Toyota,2012,82853,Electric,5,Automatic,38759
Toyota,2006,25349,Electric,4,Manual,30257
BMW,2020,36394,Diesel,1,Automatic,42306
Mercedes,2024,65270,Electric,4,Automatic,64064
Toyota,2016,111398,Diesel,1,Automatic,26022
Mercedes,2010,32835,Gasoline,4,Manual,44926
Toyota,2005,32061,Electric,2,Automatic,34809
Ford,2008,66773,Gasoline,4,Automatic,20632
Honda,2021,84093,Electric,5,Manual,34835
Toyota,2017,47518,Diesel,1,Manual,24538
Mercedes,2022,27572,Diesel,3,Manual,51408
Ford,2009,68674,Diesel,5,Manual,27496
Toyota,2007,72296,Gasoline,1,Automatic,20983
BMW,2015,95573,Electric,1,Automatic,46335
Honda,2017,73138,Gasoline,3,Manual,22303
Toyota,2008,76561,Diesel,2,Automatic,26345
Ford,2018,54757,Gasoline,5,Manual,25988
BMW,2015,108830,Diesel,3,Automatic,40009
Ford,2014,52037,Diesel,3,Manual,24097
Ford,2023,47761,Diesel,2,Automatic,31438
BMW,2022,96190,Electric,5,Manual,51750
Ford,2010,30515,Electric,3,Manual,31888
BMW,2019,23051,Diesel,2,Automatic,46781
Toyota,2014,62391,Gasoline,5,Automatic,32985
BMW,2009,59965,Gasoline,4,Automatic,43011
BMW,2009,55442,Electric,1,Manual,46310
Honda,2014,79878,Diesel,2,Automatic,25121
BMW,2009,41835,Gasoline,1,Manual,37096
BMW,2007,61283,Diesel,4,Automatic,38862
Toyota,2010,52797,Gasoline,3,Automatic,32143
Honda,2008,42175,Electric,3,Manual,31479
Mercedes,2022,58763,Diesel,5,Manual,52969
Toyota,2013,77051,Diesel,2,Automatic,26129
Toyota,2021,102411,Gasoline,2,Manual,24385
Mercedes,2017,71588,Gasoline,5,Manual,52600
BMW,2019,9783,Gasoline,1,Automatic,46807
Ford,2024,59237,Diesel,3,Manual,28651
Honda,2021,60996,Electric,3,Automatic,35972
Ford,2017,78724,Electric,2,Automatic,35456
Mercedes,2020,63696,Gasoline,2,Manual,47992
Toyota,2008,85061,Electric,5,Automatic,36159
Toyota,2009,67833,Gasoline,4,Manual,23440
Honda,2009,91175,Electric,1,Automatic,27341
Toyota,2013,51225,Diesel,4,Manual,31309
Toyota,2021,62886,Gasoline,4,Manual,33412
Honda,2017,76532,Electric,2,Manual,32453
Honda,2006,48556,Diesel,2,Manual,22511
Mercedes,2017,44199,Electric,2,Manual,54262
Toyota,2023,47412,Diesel,4,Automatic,33389
Toyota,2007,45015,Diesel,1,Automatic,21789
Mercedes,2014,70451,Electric,2,Manual,53269
BMW,2006,23303,Electric,3,Automatic,51382
BMW,2017,28880,Diesel,1,Manual,43664
BMW,2023,97254,Diesel,3,Manual,44829
Mercedes,2021,45498,Diesel,1,Automatic,52907
Toyota,2018,64000,Gasoline,2,Automatic,28183
Mercedes,2016,30217,Diesel,5,Manual,53231
Mercedes,2016,61882,Gasoline,2,Manual,43996
BMW,2015,45619,Diesel,4,Manual,42105
Ford,2011,28738,Gasoline,4,Manual,26292
Toyota,2008,86738,Diesel,1,Manual,21713
BMW,2023,83651,Diesel,4,Manual,51265
Ford,2005,57852,Diesel,2,Automatic,22135
Ford,2007,79988,Electric,3,Manual,24404
Honda,2017,98065,Electric,2,Manual,29439
Toyota,2019,75081,Diesel,1,Automatic,27974
Ford,2006,69593,Gasoline,4,Manual,20317
BMW,2015,63978,Gasoline,3,Manual,41242
Honda,2008,72989,Diesel,5,Automatic,28576
Toyota,2023,52721,Electric,3,Manual,39418
Mercedes,2021,54467,Gasoline,3,Automatic,52171
BMW,2007,69017,Electric,2,Manual,38098
Ford,2022,50522,Gasoline,5,Automatic,33928
Ford,2012,52684,Diesel,1,Automatic,24039
BMW,2023,60003,Electric,1,Automatic,53600
Ford,2009,83012,Gasoline,3,Manual,18626
Honda,2011,37346,Diesel,3,Manual,25579
Toyota,2012,75183,Diesel,4,Automatic,30353
Honda,2009,75835,Diesel,5,Automatic,27888
Ford,2021,75716,Electric,3,Manual,35065
Mercedes,2009,43865,Electric,4,Manual,52946
Toyota,2008,26146,Diesel,5,Manual,28505
Toyota,2023,71194,Electric,1,Manual,28094
BMW,2006,63750,Gasoline,4,Manual,35024
BMW,2015,80087,Diesel,5,Automatic,44713
Mercedes,2017,45989,Diesel,4,Manual,50633
Toyota,2019,75202,Electric,3,Automatic,40283
Mercedes,2016,81088,Diesel,2,Manual,44708
BMW,2015,58093,Gasoline,1,Automatic,42291
BMW,2011,68338,Electric,3,Automatic,50379
Toyota,2009,67639,Electric,3,Manual,30397
Honda,2021,43570,Diesel,5,Automatic,36969
Ford,2024,70621,Diesel,4,Automatic,33960
BMW,2013,92449,Diesel,1,Automatic,39092
BMW,2018,60444,Electric,3,Automatic,53759
Honda,2016,30781,Diesel,5,Manual,33854
Honda,2010,46255,Gasoline,1,Automatic,23632
Mercedes,2021,24411,Diesel,4,Manual,53715
Mercedes,2023,85805,Diesel,3,Automatic,50954
Ford,2023,75282,Electric,3,Manual,37567
Ford,2020,49972,Diesel,3,Manual,25187
Toyota,2016,31638,Electric,1,Manual,29005
Mercedes,2016,43334,Diesel,1,Automatic,49076
BMW,2024,47234,Gasoline,1,Manual,40876
Mercedes,2010,62188,Gasoline,1,Manual,42068
BMW,2008,61515,Electric,5,Automatic,47556
Honda,2010,86828,Electric,2,Manual,29082
Mercedes,2015,46144,Diesel,5,Automatic,55334
Honda,2005,29836,Diesel,3,Automatic,25744
Ford,2019,36860,Gasoline,5,Manual,25457
Ford,2015,59539,Diesel,4,Automatic,26076
Toyota,2023,45426,Gasoline,1,Automatic,30708
Mercedes,2022,54159,Electric,4,Automatic,61326
Honda,2021,50919,Diesel,4,Manual,32408
BMW,2023,79804,Electric,3,Automatic,54373
Ford,2018,48260,Diesel,1,Automatic,26776
Ford,2022,52453,Gasoline,4,Automatic,27024
BMW,2023,74345,Electric,3,Manual,53427
Honda,2019,48700,Electric,1,Automatic,33766
Honda,2019,68464,Diesel,2,Manual,25280
Mercedes,2008,66629,Electric,3,Automatic,50528
Mercedes,2011,62835,Gasoline,5,Manual,43277
Toyota,2017,37312,Electric,1,Manual,35578
Ford,2007,84595,Electric,4,Manual,29361
Mercedes,2020,104413,Diesel,4,Automatic,53403
Honda,2013,60176,Electric,5,Automatic,37058
BMW,2012,39072,Diesel,5,Automatic,44070
Honda,2024,60582,Diesel,4,Manual,36174
Ford,2017,79797,Electric,1,Automatic,32354
Honda,2021,47696,Gasoline,3,Automatic,31388
Toyota,2021,57422,Diesel,5,Manual,32410
Ford,2021,66813,Electric,5,Automatic,36070
BMW,2005,84060,Diesel,5,Automatic,44080
Toyota,2012,75508,Gasoline,2,Manual,19609
Ford,2023,76337,Gasoline,1,Manual,24776
BMW,2010,51474,Diesel,1,Automatic,41467
Toyota,2007,68038,Gasoline,1,Manual,18766
Toyota,2009,45560,Electric,1,Automatic,32161
Ford,2017,76910,Electric,1,Automatic,34346
Mercedes,2019,83024,Diesel,4,Automatic,50763
Toyota,2018,71067,Gasoline,5,Automatic,32775
Toyota,2020,52651,Electric,4,Automatic,40417
BMW,2022,55925,Electric,2,Manual,47024
Honda,2015,96130,Electric,3,Manual,31266
Ford,2007,52985,Diesel,5,Automatic,29853
Ford,2014,80999,Diesel,2,Manual,24702
Mercedes,2014,66777,Electric,4,Manual,57876
Mercedes,2020,53317,Electric,3,Automatic,55786
Ford,2016,33107,Gasoline,2,Manual,27101
Mercedes,2006,64232,Gasoline,3,Manual,41158
BMW,2013,61822,Gasoline,2,Automatic,44110
Ford,2007,96130,Diesel,4,Automatic,22903
Mercedes,2019,42796,Electric,3,Automatic,58298
Ford,2007,105895,Diesel,2,Automatic,17774
Honda,2023,67576,Electric,4,Automatic,42173
Toyota,2022,67556,Gasoline,5,Automatic,35651
Ford,2012,48138,Gasoline,4,Automatic,24859
Toyota,2021,66294,Gasoline,4,Manual,25357
Mercedes,2012,69461,Gasoline,5,Automatic,50357
Toyota,2011,78746,Electric,4,Manual,33121
Ford,2011,40433,Gasoline,5,Manual,23504
Honda,2007,88135,Electric,5,Automatic,30717
Mercedes,2005,67228,Electric,5,Manual,52450
Ford,2008,72164,Diesel,2,Manual,23104
Mercedes,2009,55581,Gasoline,3,Manual,41730
BMW,2005,41437,Gasoline,2,Automatic,36168
Toyota,2019,61454,Diesel,5,Manual,32524
BMW,2009,63745,Electric,3,Manual,46583
Ford,2017,32291,Gasoline,3,Automatic,28156
Honda,2012,75865,Electric,5,Manual,37256
Mercedes,2012,79930,Diesel,3,Manual,46306
Toyota,2009,45406,Electric,3,Manual,30467
Mercedes,2013,39548,Gasoline,2,Manual,40837
Ford,2005,53940,Electric,3,Manual,29441
Mercedes,2008,60477,Electric,5,Automatic,58359
Toyota,2007,54716,Gasoline,1,Manual,18158
Ford,2006,58781,Gasoline,1,Automatic,19762
Mercedes,2012,64429,Electric,1,Manual,48477
Honda,2013,32634,Electric,5,Automatic,39909
Ford,2006,34934,Diesel,1,Automatic,19703
Ford,2018,5554,Gasoline,2,Automatic,26887
Honda,2018,78850,Electric,5,Manual,37679
BMW,2008,60304,Gasoline,5,Manual,41860
Toyota,2010,80957,Diesel,5,Manual,25470
BMW,2015,37245,Electric,3,Manual,48139
Mercedes,2007,60488,Electric,3,Manual,51770
Honda,2012,64296,Electric,3,Automatic,32354
BMW,2007,48764,Gasoline,4,Automatic,41672
Ford,2018,28931,Diesel,2,Automatic,29410
Mercedes,2017,94917,Gasoline,5,Manual,44820
Mercedes,2017,87985,Electric,5,Manual,56484
BMW,2006,52361,Diesel,3,Automatic,41070
BMW,2017,70204,Electric,5,Manual,52710
Honda,2023,50304,Electric,5,Manual,40301
Toyota,2010,40091,Gasoline,1,Automatic,28266
BMW,2020,96545,Electric,5,Automatic,57496
BMW,2006,26892,Diesel,4,Manual,40732
Ford,2012,54289,Electric,3,Manual,30545
Mercedes,2021,61686,Electric,2,Automatic,61442
Toyota,2006,93024,Gasoline,2,Manual,19574
Ford,2014,77931,Diesel,1,Automatic,21145
Honda,2020,26555,Gasoline,2,Automatic,32070
Honda,2010,59944,Electric,2,Automatic,33988
BMW,2006,60421,Gasoline,3,Manual,39214
BMW,2006,55433,Gasoline,3,Automatic,38425
Honda,2017,72396,Gasoline,4,Automatic,28431
BMW,2019,31817,Gasoline,1,Manual,39025
Toyota,2006,51827,Electric,2,Automatic,31524
BMW,2011,69576,Electric,4,Manual,48986
Mercedes,2007,73591,Diesel,1,Manual,38293
BMW,2012,62988,Gasoline,2,Manual,37066
Ford,2018,54232,Gasoline,2,Automatic,22680
Toyota,2011,57601,Diesel,3,Automatic,31138
Ford,2011,74808,Gasoline,5,Manual,20629
Ford,2005,60678,Diesel,1,Manual,17715
Mercedes,2021,39163,Electric,2,Manual,56518
Toyota,2013,35330,Diesel,1,Automatic,27325
Toyota,2017,30207,Gasoline,4,Manual,29627
Toyota,2023,89111,Diesel,4,Manual,29020
Toyota,2023,76149,Electric,5,Manual,39036
Toyota,2021,57870,Gasoline,2,Automatic,32044
Mercedes,2014,50924,Electric,3,Manual,55984
BMW,2014,48521,Electric,2,Automatic,49232
Ford,2008,81864,Diesel,1,Automatic,17285
Toyota,2012,98088,Electric,4,Manual,30038
BMW,2024,47892,Gasoline,1,Manual,46310
BMW,2024,82768,Electric,5,Manual,53423
Ford,2022,60560,Electric,4,Automatic,39277
Mercedes,2018,55751,Diesel,3,Automatic,54544
Honda,2022,90084,Electric,4,Automatic,37941
Honda,2018,59796,Diesel,2,Manual,25679
BMW,2024,65927,Diesel,2,Automatic,49292
Ford,2019,64965,Gasoline,4,Manual,30175
Honda,2008,27488,Gasoline,5,Manual,24334
BMW,2017,65768,Gasoline,2,Manual,42495
Mercedes,2012,48746,Gasoline,2,Automatic,45499
Honda,2022,31576,Diesel,3,Automatic,32149
BMW,2016,49657,Electric,4,Automatic,54516
BMW,2018,49492,Gasoline,2,Manual,38710
Toyota,2006,80597,Gasoline,5,Automatic,26914
Mercedes,2022,38724,Gasoline,1,Automatic,56363
Toyota,2006,44203,Electric,4,Manual,33501
Ford,2015,64707,Gasoline,3,Manual,23054
Toyota,2013,33484,Electric,2,Automatic,37430
Toyota,2016,46819,Diesel,5,Manual,29295
Honda,2021,26710,Diesel,4,Automatic,33637
BMW,2019,78400,Diesel,5,Manual,45925
Mercedes,2021,53972,Electric,5,Manual,59976
Toyota,2022,59681,Gasoline,3,Automatic,29429
Mercedes,2010,78320,Gasoline,4,Manual,42971
Toyota,2021,45554,Gasoline,2,Manual,27433
Ford,2022,53760,Gasoline,3,Manual,30395
Toyota,2012,38873,Gasoline,2,Automatic,23969
Honda,2013,38829,Electric,1,Manual,26786
BMW,2010,41588,Diesel,5,Manual,43772
Ford,2009,50150,Gasoline,1,Automatic,23294
Toyota,2016,52304,Diesel,5,Automatic,34987
Mercedes,2015,65772,Electric,3,Manual,53816
Ford,2005,42175,Electric,2,Manual,25314
Ford,2015,66392,Gasoline,2,Manual,23032
Toyota,2023,69700,Electric,3,Automatic,41668
Ford,2013,50643,Diesel,4,Manual,25453
Mercedes,2006,43905,Gasoline,1,Automatic,39907
Ford,2016,61701,Gasoline,1,Automatic,22030
Mercedes,2008,55941,Diesel,2,Manual,43960
Toyota,2008,64407,Gasoline,2,Manual,17191
BMW,2022,91397,Gasoline,2,Automatic,47284
Ford,2019,61372,Diesel,3,Manual,26019
BMW,2023,47215,Gasoline,4,Manual,47258
Mercedes,2017,42182,Gasoline,1,Automatic,48794
Ford,2023,42955,Diesel,5,Manual,31484
Honda,2021,30744,Electric,3,Automatic,39042
BMW,2010,78654,Diesel,1,Manual,35831
Ford,2020,15334,Gasoline,4,Automatic,31025
BMW,2016,69762,Diesel,3,Automatic,42876
Ford,2023,42638,Gasoline,1,Manual,23412
Toyota,2009,49751,Gasoline,3,Automatic,28430
BMW,2021,42040,Diesel,1,Automatic,46693
Honda,2005,88917,Gasoline,1,Manual,13467
Honda,2014,60326,Electric,4,Manual,35229
Mercedes,2019,75807,Gasoline,5,Manual,48234
Ford,2015,86010,Diesel,4,Automatic,24298
BMW,2017,63268,Electric,1,Automatic,50730
Mercedes,2009,36087,Electric,3,Automatic,57988
BMW,2005,55587,Gasoline,4,Manual,38336
Ford,2016,45155,Diesel,5,Automatic,28467
Honda,2015,49929,Gasoline,1,Automatic,24956
Toyota,2021,58107,Gasoline,4,Manual,29545
Honda,2008,57316,Diesel,4,Automatic,27890
Mercedes,2019,68242,Diesel,4,Manual,48393
Toyota,2013,71146,Gasoline,4,Manual,24775
Mercedes,2024,57317,Electric,3,Manual,55293
Ford,2023,68069,Gasoline,5,Automatic,33540
Toyota,2023,49012,Electric,5,Automatic,41283
Mercedes,2016,86295,Gasoline,1,Automatic,45560
Ford,2009,48689,Diesel,2,Manual,19564
Honda,2014,83943,Electric,3,Manual,24519
Ford,2021,30478,Diesel,1,Manual,28063
BMW,2009,52391,Diesel,1,Automatic,40368
Ford,2020,53380,Diesel,4,Automatic,35036
Ford,2011,65579,Diesel,2,Automatic,20040
BMW,2013,77236,Diesel,2,Automatic,40329
Mercedes,2007,35012,Gasoline,3,Automatic,46012
Mercedes,2019,37840,Electric,2,Manual,56251
Ford,2020,31961,Gasoline,1,Automatic,24476
BMW,2022,86403,Gasoline,2,Manual,42042
BMW,2018,65952,Gasoline,2,Manual,39058
Honda,2007,38312,Diesel,5,Automatic,25374
Mercedes,2016,51138,Gasoline,1,Manual,41941
Toyota,2013,83635,Electric,2,Automatic,33846
Mercedes,2011,54437,Gasoline,2,Automatic,41651
Mercedes,2013,53256,Diesel,4,Manual,49111
Honda,2017,44374,Electric,2,Automatic,36348
Toyota,2022,39500,Electric,2,Automatic,39017
Honda,2009,83666,Electric,5,Manual,28046
Toyota,2017,93478,Electric,1,Manual,26716
Ford,2008,40296,Gasoline,3,Manual,20188
Toyota,2006,88098,Diesel,1,Manual,15845
Honda,2020,50252,Electric,4,Manual,36319
Mercedes,2013,70672,Electric,1,Manual,50778
Toyota,2013,88204,Diesel,2,Automatic,25543
Toyota,2010,57098,Gasoline,4,Automatic,27044
BMW,2015,53441,Electric,1,Automatic,48228
Mercedes,2005,76021,Gasoline,4,Manual,43225
Ford,2008,37800,Gasoline,3,Automatic,26696
Honda,2017,82941,Gasoline,1,Manual,22196
Ford,2017,62856,Gasoline,2,Automatic,26130
Mercedes,2017,48444,Electric,4,Manual,57036
Toyota,2006,47916,Electric,5,Automatic,38460
Toyota,2013,32330,Gasoline,4,Manual,28335
Mercedes,2012,49276,Gasoline,5,Manual,50581
Toyota,2011,54719,Diesel,2,Manual,22925
Toyota,2008,38774,Diesel,3,Manual,21890
Toyota,2022,59090,Diesel,5,Automatic,35207
Honda,2007,69458,Electric,3,Automatic,29901
Honda,2010,55730,Diesel,4,Manual,28422
BMW,2016,73254,Electric,2,Manual,48310
Ford,2016,43857,Electric,5,Manual,34532
Mercedes,2012,80067,Electric,4,Automatic,57113
Mercedes,2005,62436,Electric,1,Manual,45119
Mercedes,2008,90905,Diesel,4,Manual,46723
BMW,2015,108284,Gasoline,3,Automatic,40418
Honda,2007,50595,Gasoline,2,Manual,16392
BMW,2017,51418,Gasoline,2,Manual,40055
Mercedes,2021,55075,Diesel,4,Automatic,54079
Ford,2014,71914,Gasoline,1,Manual,16717
Toyota,2016,86519,Diesel,3,Manual,27345
Honda,2019,46943,Diesel,4,Automatic,36002
Honda,2014,67624,Diesel,4,Manual,24373
BMW,2018,57281,Gasoline,2,Automatic,45581
Honda,2017,72362,Gasoline,3,Manual,23668
Mercedes,2009,90189,Gasoline,1,Manual,37941
Mercedes,2010,55193,Electric,2,Manual,49480
BMW,2006,26602,Diesel,4,Manual,40620
Mercedes,2021,74878,Electric,2,Manual,55202
Ford,2008,43345,Diesel,2,Automatic,21784
BMW,2018,57137,Gasoline,5,Manual,47729
Ford,2014,75740,Diesel,2,Manual,23220
Toyota,2007,65947,Diesel,2,Automatic,25873
Ford,2007,57965,Electric,3,Automatic,29041
Toyota,2019,48482,Diesel,2,Manual,25846
Toyota,2010,2002,Gasoline,1,Automatic,28265
Ford,2021,73966,Diesel,4,Manual,26486
BMW,2016,54940,Diesel,3,Automatic,46051
Mercedes,2024,90266,Diesel,2,Automatic,53524
Mercedes,2015,67960,Electric,1,Manual,49848
Toyota,2008,49177,Diesel,4,Automatic,30881
Toyota,2010,81337,Diesel,3,Manual,22890
BMW,2005,83022,Electric,1,Automatic,39794
Honda,2024,55619,Electric,2,Automatic,39467
Ford,2020,83872,Electric,5,Automatic,39202
Toyota,2019,48893,Electric,5,Manual,44431
Mercedes,2021,63192,Gasoline,3,Manual,46450
BMW,2012,71428,Gasoline,1,Automatic,37924
Ford,2016,75695,Diesel,4,Manual,24753
BMW,2014,72430,Gasoline,1,Manual,36093
Ford,2019,53346,Diesel,5,Manual,29967
Ford,2013,81873,Gasoline,3,Automatic,22661
Toyota,2006,57511,Electric,2,Manual,28560
BMW,2009,48619,Electric,1,Automatic,45640
BMW,2010,48913,Gasoline,5,Automatic,47245
Mercedes,2011,98799,Gasoline,4,Automatic,44762
Mercedes,2005,45160,Diesel,3,Automatic,49464
Toyota,2011,85832,Diesel,2,Automatic,25760
Toyota,2024,37290,Diesel,1,Manual,32178
Honda,2016,69758,Electric,4,Manual,34243
Mercedes,2020,65941,Electric,2,Automatic,55641
Ford,2020,92424,Electric,5,Manual,34851
BMW,2015,46911,Electric,5,Manual,49380
Toyota,2008,41386,Diesel,4,Manual,25707
BMW,2017,57669,Electric,5,Manual,52960
BMW,2011,93296,Electric,3,Manual,44926
Honda,2008,42316,Electric,4,Manual,34044
Mercedes,2019,8231,Electric,5,Manual,60790
Toyota,2023,61195,Gasoline,1,Automatic,25652
BMW,2013,78990,Diesel,5,Automatic,53138
Toyota,2015,39723,Diesel,3,Automatic,29632
Ford,2012,76958,Electric,2,Manual,29589
Honda,2005,39281,Gasoline,2,Manual,16027
Ford,2012,57068,Diesel,5,Automatic,30136
Toyota,2017,75053,Diesel,2,Manual,24158
Toyota,2008,36250,Electric,5,Manual,28542
Mercedes,2012,63630,Electric,3,Automatic,54252
BMW,2007,84299,Diesel,2,Automatic,38184
BMW,2013,69478,Diesel,1,Automatic,40088
Ford,2006,45587,Gasoline,5,Manual,23206
Honda,2006,90374,Diesel,2,Manual,17942
BMW,2017,73167,Diesel,3,Manual,42479
Mercedes,2019,22791,Electric,3,Automatic,60700
Ford,2016,77284,Diesel,1,Automatic,24565
Ford,2008,48572,Electric,3,Manual,28229
Mercedes,2012,63931,Diesel,3,Automatic,46516
Honda,2013,80160,Diesel,2,Automatic,26680
Mercedes,2009,49007,Diesel,5,Manual,46983
Honda,2024,27088,Gasoline,4,Automatic,34417
Mercedes,2022,90110,Electric,3,Automatic,59519
Mercedes,2015,83291,Gasoline,3,Automatic,47759
Toyota,2019,58254,Diesel,4,Manual,29190
Ford,2013,77068,Gasoline,3,Manual,24147
Mercedes,2021,52612,Electric,2,Automatic,55990
Mercedes,2016,61939,Diesel,2,Manual,43840
BMW,2011,57114,Gasoline,4,Manual,41480
Ford,2014,53421,Gasoline,3,Manual,26831
BMW,2014,67186,Electric,3,Automatic,49485
Ford,2017,35836,Gasoline,5,Manual,29533
BMW,2023,54968,Electric,3,Automatic,53366
Mercedes,2015,66289,Diesel,2,Automatic,46327
Mercedes,2017,96762,Diesel,1,Manual,45426
Toyota,2012,36649,Gasoline,1,Automatic,25899
BMW,2012,70411,Diesel,1,Manual,39305
Honda,2008,72602,Diesel,1,Manual,21042
Toyota,2019,22465,Gasoline,3,Automatic,28197
BMW,2015,68210,Diesel,3,Automatic,42197
BMW,2015,77605,Gasoline,5,Manual,43168
Toyota,2005,71773,Electric,3,Manual,24517
Mercedes,2021,58321,Electric,1,Manual,51475
BMW,2019,66664,Electric,4,Manual,54520
Mercedes,2024,63396,Gasoline,4,Automatic,53247
Toyota,2010,26210,Gasoline,2,Automatic,27610
Mercedes,2019,63866,Diesel,2,Automatic,50250
Ford,2013,52658,Diesel,3,Manual,23007
Honda,2018,45903,Diesel,4,Automatic,29376
BMW,2022,109699,Diesel,1,Automatic,43481
Honda,2021,85052,Diesel,1,Automatic,30656
Mercedes,2022,36996,Gasoline,1,Automatic,48847
BMW,2009,66932,Gasoline,3,Manual,37290
Mercedes,2024,89160,Electric,3,Automatic,56502
Ford,2024,30076,Electric,5,Automatic,42151
Toyota,2013,61539,Electric,1,Automatic,33104
BMW,2015,62481,Electric,1,Automatic,49863
Ford,2005,34510,Gasoline,3,Manual,20886
Ford,2022,67591,Gasoline,3,Manual,22557
BMW,2010,82324,Gasoline,5,Automatic,41969
Mercedes,2006,90160,Diesel,5,Manual,42057
Ford,2019,55012,Diesel,2,Manual,25131
Honda,2018,110032,Electric,4,Manual,32775
Ford,2009,18840,Diesel,1,Manual,23190
Mercedes,2010,67124,Gasoline,1,Automatic,43234
Mercedes,2010,31754,Electric,5,Manual,58247
Honda,2022,61803,Electric,5,Manual,37510
Ford,2018,49561,Diesel,2,Automatic,25687
Mercedes,2014,70137,Electric,4,Automatic,59903
BMW,2018,57462,Diesel,2,Automatic,45993
Toyota,2017,43480,Diesel,4,Automatic,31839
Toyota,2007,44794,Electric,1,Manual,28135
Toyota,2010,98649,Diesel,2,Automatic,25738
Ford,2012,68870,Diesel,5,Manual,26294
Honda,2016,25957,Diesel,2,Manual,25244
Mercedes,2017,71015,Diesel,2,Automatic,48066
BMW,2015,56106,Electric,1,Automatic,49275
BMW,2016,60092,Gasoline,5,Manual,44393
Ford,2005,76397,Gasoline,5,Manual,23104
Toyota,2021,83664,Diesel,3,Automatic,31264
Ford,2020,42823,Diesel,3,Automatic,29431
Honda,2015,59405,Diesel,3,Automatic,34183
Honda,2017,49077,Gasoline,1,Manual,23395
Mercedes,2022,71937,Diesel,2,Manual,50071
Mercedes,2015,55353,Electric,5,Automatic,60776
Honda,2016,60585,Electric,5,Manual,36343
Honda,2010,54594,Electric,2,Automatic,31314
Honda,2013,57877,Gasoline,5,Manual,20998
Ford,2020,94093,Diesel,2,Manual,22168
Honda,2008,107815,Diesel,1,Automatic,20767
BMW,2007,67541,Diesel,1,Automatic,32184
Toyota,2020,58000,Gasoline,1,Automatic,28243
Honda,2016,28087,Gasoline,2,Manual,26418
Toyota,2015,44791,Gasoline,2,Manual,26426
Ford,2009,57465,Gasoline,4,Automatic,26323
Toyota,2022,45698,Electric,5,Manual,42631
Ford,2023,47801,Gasoline,5,Automatic,37321
BMW,2010,91507,Gasoline,4,Manual,40116
Ford,2022,60575,Gasoline,4,Automatic,31864
Ford,2010,62364,Diesel,1,Manual,19112
Mercedes,2008,46516,Diesel,4,Manual,45903
Honda,2016,83550,Diesel,2,Manual,23271
Honda,2023,55748,Electric,3,Manual,38947
BMW,2006,49582,Electric,2,Automatic,47165
BMW,2021,28384,Gasoline,4,Manual,45818
Honda,2015,58777,Diesel,5,Automatic,34709
Mercedes,2015,48958,Electric,2,Automatic,54968
Honda,2020,93691,Diesel,5,Automatic,30923
Mercedes,2006,96877,Electric,2,Automatic,48634
BMW,2006,35294,Electric,5,Manual,46587
Toyota,2012,37556,Gasoline,2,Automatic,28494
BMW,2017,54473,Gasoline,5,Manual,43085
BMW,2014,43679,Electric,3,Manual,48585
Ford,2012,64348,Gasoline,1,Manual,20661
Ford,2008,53467,Electric,2,Manual,25402
Ford,2019,65610,Electric,3,Automatic,37041
Ford,2005,80321,Diesel,1,Manual,14037
Mercedes,2015,38715,Gasoline,2,Automatic,48552
Honda,2011,79904,Gasoline,3,Manual,22639
Toyota,2021,45426,Gasoline,3,Manual,29144
BMW,2024,102969,Diesel,3,Automatic,47418
Mercedes,2022,92419,Diesel,4,Manual,51266
Toyota,2016,57738,Diesel,5,Manual,30052
Mercedes,2013,40728,Gasoline,1,Manual,44242
Mercedes,2009,36902,Gasoline,5,Manual,49397
BMW,2014,77472,Gasoline,5,Manual,40274
Honda,2008,59391,Diesel,5,Automatic,32064
Ford,2009,78537,Diesel,3,Manual,20466
Honda,2014,104084,Electric,5,Manual,36784
BMW,2015,44592,Diesel,4,Automatic,46690
BMW,2014,35397,Electric,2,Manual,49144
BMW,2012,63851,Gasoline,3,Automatic,43211
Toyota,2006,82895,Diesel,1,Manual,17580
Honda,2012,41190,Gasoline,2,Manual,22585
Honda,2020,60692,Gasoline,2,Automatic,31345
Mercedes,2009,87400,Gasoline,2,Manual,38985
Mercedes,2007,27342,Gasoline,5,Manual,45297
Mercedes,2016,64706,Diesel,5,Automatic,50957
BMW,2017,49197,Gasoline,3,Automatic,48175
Honda,2017,62483,Electric,5,Manual,35414
BMW,2014,74195,Diesel,5,Automatic,49190
Toyota,2008,64416,Gasoline,5,Manual,23576
Mercedes,2013,39795,Diesel,3,Automatic,52347
BMW,2006,49975,Electric,3,Manual,46114
BMW,2023,88531,Gasoline,4,Automatic,47116
Toyota,2005,66578,Electric,4,Automatic,31202
Ford,2011,76806,Gasoline,4,Automatic,23853
Honda,2021,65005,Electric,4,Automatic,38418
Ford,2007,76182,Gasoline,2,Automatic,22321
Mercedes,2024,52077,Diesel,2,Automatic,53716
BMW,2024,44649,Gasoline,4,Automatic,48037
Toyota,2007,75273,Diesel,4,Automatic,26232
Toyota,2007,82547,Gasoline,1,Automatic,20110
Honda,2021,41714,Gasoline,2,Manual,22636
Ford,2011,48481,Electric,1,Automatic,29682
Honda,2018,56735,Electric,1,Manual,32609
BMW,2021,92396,Electric,5,Automatic,55604
Honda,2022,71262,Gasoline,3,Manual,27945
Toyota,2017,33518,Gasoline,2,Manual,27293
Toyota,2024,58140,Gasoline,4,Automatic,33907
Mercedes,2024,55082,Diesel,4,Automatic,57707
Mercedes,2022,36534,Diesel,3,Manual,54588
BMW,2008,57904,Gasoline,2,Manual,32557
Ford,2005,54199,Electric,4,Automatic,30600
Honda,2022,52767,Electric,4,Automatic,45520
BMW,2005,51852,Electric,5,Automatic,50248
Mercedes,2017,89427,Gasoline,1,Manual,41958
Honda,2024,52725,Electric,4,Automatic,41347
Mercedes,2024,60993,Gasoline,2,Automatic,53999
Honda,2014,58824,Diesel,3,Automatic,26680
Ford,2015,49899,Electric,5,Automatic,39857
BMW,2013,61590,Diesel,2,Automatic,41866
Honda,2013,61307,Electric,5,Manual,32934
Toyota,2009,61595,Gasoline,1,Manual,18958
Toyota,2005,42815,Gasoline,4,Automatic,25766
Honda,2021,55877,Gasoline,2,Automatic,28210
Honda,2006,75206,Gasoline,3,Manual,21465
Honda,2017,56403,Electric,1,Automatic,32195
Toyota,2013,63235,Diesel,1,Manual,23118
Toyota,2008,63340,Gasoline,5,Automatic,28907
Honda,2009,68347,Electric,1,Manual,26342
Mercedes,2015,71173,Diesel,2,Manual,46485
Mercedes,2023,56516,Gasoline,5,Automatic,54807
Ford,2007,41773,Diesel,1,Manual,20156
BMW,2016,35625,Gasoline,3,Automatic,46523
Mercedes,2023,80353,Diesel,2,Manual,50418
Toyota,2023,75405,Diesel,3,Automatic,29458
Mercedes,2017,72987,Gasoline,3,Automatic,49868
Ford,2011,76224,Electric,5,Automatic,36491
Ford,2019,56768,Diesel,4,Manual,27838
BMW,2011,47502,Gasoline,5,Automatic,44029
Mercedes,2012,40391,Diesel,2,Automatic,46577
Toyota,2009,38213,Diesel,2,Automatic,24525
Toyota,2018,84243,Electric,5,Manual,38119
Honda,2008,50137,Diesel,4,Automatic,32056
Toyota,2014,81097,Diesel,5,Manual,27333
BMW,2024,56262,Gasoline,2,Manual,42753
BMW,2019,46475,Gasoline,4,Manual,44707
Toyota,2022,38112,Electric,2,Automatic,36390
Toyota,2024,48236,Diesel,4,Automatic,35197
Honda,2017,88364,Diesel,4,Manual,26967
Toyota,2012,38315,Diesel,5,Automatic,30796
Honda,2013,102334,Electric,5,Automatic,37778
Honda,2020,43187,Diesel,5,Manual,29752
Toyota,2023,74998,Gasoline,4,Manual,32052
Ford,2020,57094,Electric,4,Automatic,41582
Ford,2011,53588,Gasoline,2,Manual,21084
Honda,2018,34571,Gasoline,3,Automatic,29996
Toyota,2018,58032,Electric,5,Manual,38590
Ford,2008,36834,Gasoline,2,Automatic,21777
Toyota,2019,26368,Diesel,2,Automatic,28109
Toyota,2007,62391,Electric,1,Manual,24421
Toyota,2009,47291,Gasoline,5,Automatic,29113
Mercedes,2005,93686,Diesel,2,Automatic,39934
Toyota,2007,80000,Diesel,1,Manual,18173
Mercedes,2019,93948,Gasoline,5,Automatic,52760
Honda,2012,46382,Diesel,4,Automatic,29970
Ford,2008,62722,Electric,1,Automatic,29980
Ford,2006,7586,Gasoline,4,Manual,23709
Ford,2014,54363,Diesel,3,Manual,25487
Ford,2008,61969,Diesel,3,Manual,19976
Ford,2007,63080,Gasoline,3,Manual,16683
Ford,2006,59152,Gasoline,3,Manual,18216
Ford,2021,61331,Gasoline,2,Automatic,26479
Honda,2024,5735,Gasoline,3,Automatic,34379
Toyota,2017,65124,Electric,2,Automatic,33611
BMW,2009,69668,Gasoline,2,Manual,37201
Mercedes,2013,86760,Electric,5,Automatic,55700
BMW,2010,67374,Electric,2,Manual,43403
BMW,2009,57385,Gasoline,2,Automatic,39090
Toyota,2014,82098,Electric,3,Manual,34141
Toyota,2012,12853,Gasoline,2,Automatic,31374
Toyota,2011,49701,Gasoline,4,Automatic,32169
Ford,2011,44683,Diesel,3,Manual,21202
Honda,2010,59309,Gasoline,1,Automatic,21288
Ford,2024,16026,Diesel,3,Automatic,33571
Honda,2007,86392,Electric,2,Manual,26420
Honda,2023,55003,Diesel,4,Automatic,35368
BMW,2019,66375,Electric,3,Automatic,52015
BMW,2008,64461,Gasoline,4,Manual,36953
Honda,2016,85249,Electric,1,Manual,26742
Honda,2010,22760,Electric,1,Manual,23553
Ford,2023,62246,Gasoline,5,Manual,27791
Ford,2008,82923,Electric,5,Manual,31587
BMW,2019,58040,Gasoline,3,Automatic,48527
Toyota,2013,40974,Diesel,5,Manual,32646
Honda,2009,47922,Gasoline,4,Manual,25422
Ford,2017,52141,Gasoline,5,Automatic,28869
BMW,2022,45578,Electric,4,Automatic,54858
Ford,2009,56943,Diesel,5,Automatic,24530
Honda,2020,90164,Gasoline,5,Automatic,30325
Honda,2023,48052,Diesel,5,Automatic,36771
Mercedes,2018,50246,Diesel,2,Manual,45472
Toyota,2020,69195,Electric,2,Automatic,37902
Mercedes,2019,56503,Gasoline,5,Manual,51978
BMW,2008,33416,Electric,4,Automatic,49880
Ford,2011,58776,Gasoline,3,Manual,18881
BMW,2020,58022,Diesel,1,Automatic,47360
Honda,2012,79513,Gasoline,2,Manual,20594
Mercedes,2021,40556,Gasoline,5,Manual,56354
Mercedes,2020,79646,Diesel,1,Manual,45702
Mercedes,2014,58043,Diesel,2,Manual,45422
BMW,2014,37841,Gasoline,3,Manual,39178
Honda,2006,33824,Electric,4,Manual,29961
Ford,2013,98687,Gasoline,5,Manual,20448
Ford,2021,56801,Diesel,3,Manual,25472
BMW,2015,78730,Electric,2,Manual,47545
Mercedes,2014,25837,Diesel,5,Manual,50642
Toyota,2021,112753,Diesel,1,Automatic,26516
BMW,2008,77864,Electric,4,Manual,44125
BMW,2020,54891,Diesel,2,Manual,42484
Honda,2024,53876,Diesel,4,Automatic,37572
Ford,2019,74691,Diesel,5,Manual,29553
BMW,2009,73543,Diesel,3,Manual,35962
BMW,2010,63650,Diesel,4,Automatic,45878
Mercedes,2021,60217,Diesel,1,Automatic,53439
Mercedes,2005,71221,Diesel,2,Manual,40928
Toyota,2023,25165,Diesel,1,Automatic,34524
Honda,2008,52574,Diesel,4,Manual,26812
Toyota,2021,27062,Gasoline,3,Manual,26833
Mercedes,2013,72091,Gasoline,3,Manual,47623
Ford,2006,46483,Diesel,1,Automatic,23373
Mercedes,2012,28568,Gasoline,5,Manual,49549
Honda,2019,44124,Electric,5,Manual,38042
Mercedes,2011,62987,Gasoline,3,Automatic,43676
Honda,2010,55895,Diesel,1,Manual,20042
Honda,2005,36536,Diesel,1,Manual,20069
Honda,2019,25902,Gasoline,1,Manual,22996
Honda,2011,61478,Diesel,4,Manual,25286
Honda,2021,48384,Electric,5,Manual,36713
Ford,2006,54838,Electric,5,Manual,29488
Toyota,2013,56806,Diesel,4,Automatic,27954
BMW,2013,68601,Electric,2,Manual,42654
Toyota,2017,76938,Electric,4,Manual,35833
Honda,2010,62930,Gasoline,1,Automatic,20693
Ford,2010,53590,Electric,4,Manual,29848
Mercedes,2024,60495,Gasoline,1,Manual,45708
Ford,2024,53215,Diesel,3,Automatic,38285
Honda,2007,27148,Gasoline,1,Automatic,23357
Ford,2021,81838,Diesel,5,Automatic,34337
Ford,2021,78068,Diesel,4,Automatic,30045
Honda,2016,99766,Diesel,1,Automatic,25521
Ford,2020,105609,Diesel,2,Automatic,26264
BMW,2019,36479,Diesel,3,Automatic,46609
BMW,2017,53292,Gasoline,2,Manual,44193
Ford,2005,110230,Diesel,2,Manual,17134
Mercedes,2021,59188,Electric,2,Manual,56085
Honda,2007,64884,Electric,3,Automatic,29312
BMW,2019,29577,Diesel,3,Manual,42980
Mercedes,2008,63005,Electric,3,Automatic,52734
Ford,2008,98638,Gasoline,3,Manual,16921
Mercedes,2022,85732,Gasoline,2,Manual,47438
Toyota,2021,47800,Diesel,5,Manual,34968
BMW,2023,52073,Diesel,5,Manual,49527
Ford,2015,37381,Diesel,3,Automatic,30786
Honda,2024,42976,Electric,4,Automatic,42737
Ford,2007,21795,Electric,1,Manual,24666
Honda,2012,58303,Gasoline,4,Automatic,27188
Ford,2018,90202,Electric,4,Automatic,36261
Mercedes,2005,67108,Gasoline,4,Manual,43502
Mercedes,2018,87324,Electric,5,Automatic,60083
Mercedes,2006,81464,Gasoline,1,Automatic,38783
Toyota,2008,49063,Diesel,4,Automatic,30479
Honda,2023,44809,Electric,3,Automatic,41021
Mercedes,2010,45576,Gasoline,5,Manual,49812
Toyota,2005,25658,Electric,3,Manual,30391
Honda,2021,60646,Diesel,3,Automatic,29893
Ford,2012,1910,Gasoline,4,Manual,28758
Toyota,2023,71828,Electric,3,Manual,35755
BMW,2005,61437,Electric,1,Manual,41018
Toyota,2009,69428,Diesel,3,Automatic,26899
Toyota,2020,81140,Diesel,4,Automatic,33034
Honda,2010,63975,Gasoline,3,Manual,21461
Ford,2012,92631,Electric,5,Manual,28064
BMW,2017,72438,Electric,5,Automatic,52873
Mercedes,2020,44857,Diesel,5,Manual,55501
Mercedes,2007,55245,Diesel,2,Automatic,45595
Toyota,2023,14774,Gasoline,5,Manual,38579
Honda,2016,41956,Electric,5,Automatic,37826
Honda,2020,52380,Electric,2,Automatic,36819
Mercedes,2015,70925,Gasoline,5,Automatic,53280
BMW,2014,44992,Gasoline,4,Automatic,44118
Ford,2024,35074,Diesel,5,Manual,32775
BMW,2008,22249,Diesel,5,Automatic,45800
Ford,2016,48071,Gasoline,2,Manual,22205
Mercedes,2006,99017,Gasoline,4,Automatic,44612
Ford,2023,65422,Electric,3,Automatic,34668
Honda,2009,78791,Gasoline,1,Manual,20845
Toyota,2012,41998,Gasoline,4,Manual,24480
Toyota,2011,28531,Electric,3,Manual,28839
Mercedes,2018,35578,Gasoline,4,Automatic,52700
Honda,2007,58057,Diesel,3,Automatic,24342
BMW,2022,20117,Diesel,3,Manual,47138
Honda,2020,39868,Electric,4,Automatic,41131
Toyota,2023,48272,Gasoline,2,Manual,29876
Toyota,2023,33581,Diesel,4,Automatic,40194
Honda,2022,17526,Diesel,4,Automatic,34743
Honda,2024,65793,Diesel,3,Automatic,34758
Toyota,2020,60917,Diesel,1,Manual,27872
BMW,2012,75580,Gasoline,3,Automatic,35939
Mercedes,2005,37791,Gasoline,5,Manual,42944
Mercedes,2021,75198,Gasoline,4,Manual,46666
Honda,2016,90586,Gasoline,4,Automatic,28866
Mercedes,2015,65244,Diesel,2,Manual,45913
Toyota,2009,47801,Electric,3,Manual,31825
Toyota,2016,62901,Electric,2,Automatic,34743
Honda,2021,46844,Diesel,4,Manual,30748
Honda,2010,43514,Diesel,3,Manual,24267
Honda,2005,73665,Electric,3,Automatic,29014
BMW,2009,57218,Electric,5,Automatic,53193
Mercedes,2018,84101,Diesel,5,Automatic,51155
Honda,2009,51151,Diesel,1,Manual,18878
Ford,2005,53176,Gasoline,5,Manual,22083
Ford,2022,48669,Gasoline,3,Automatic,29830
Toyota,2020,37596,Electric,5,Manual,37902
Mercedes,2013,76288,Diesel,1,Automatic,46249
Honda,2023,103714,Electric,4,Automatic,37669
Ford,2009,52355,Gasoline,5,Automatic,25192
Mercedes,2006,46390,Gasoline,3,Manual,41331
Toyota,2019,45093,Electric,4,Manual,35958
BMW,2011,46405,Gasoline,3,Automatic,42111
Mercedes,2008,92995,Diesel,4,Automatic,45630
Mercedes,2005,45630,Electric,3,Manual,48193
BMW,2017,48294,Diesel,5,Automatic,48572
Mercedes,2024,35192,Diesel,5,Manual,57731
Toyota,2011,65872,Gasoline,1,Automatic,23944
Toyota,2019,58655,Diesel,4,Automatic,30148
BMW,2018,37256,Electric,1,Manual,49903
Honda,2023,42143,Diesel,2,Manual,30425
Ford,2024,90658,Diesel,5,Manual,31882
Honda,2022,60654,Diesel,4,Manual,32743
Mercedes,2014,62033,Diesel,1,Manual,43428
Ford,2013,62113,Diesel,1,Automatic,25134
BMW,2012,87892,Gasoline,2,Automatic,38176
BMW,2014,39095,Electric,1,Manual,47740
Ford,2021,52072,Gasoline,3,Manual,27332
Toyota,2006,56620,Electric,5,Automatic,32415
Ford,2010,25576,Electric,1,Automatic,32793
Mercedes,2009,41677,Electric,1,Manual,48158
Toyota,2013,80933,Electric,2,Manual,29417
BMW,2009,75204,Electric,3,Automatic,46854
Ford,2022,78741,Diesel,1,Manual,23824
Honda,2024,48218,Gasoline,5,Automatic,36048
Honda,2013,50686,Gasoline,5,Automatic,27990
Mercedes,2021,24238,Diesel,1,Manual,45650
Honda,2021,78638,Electric,3,Automatic,35439
Ford,2016,81933,Gasoline,5,Automatic,29666
Ford,2011,81678,Diesel,5,Automatic,27592
Honda,2007,92081,Diesel,3,Manual,22622
Ford,2014,68442,Gasoline,3,Automatic,25448
Mercedes,2006,91137,Gasoline,1,Manual,38128
Toyota,2007,55990,Electric,4,Automatic,32814
Mercedes,2020,24659,Electric,2,Automatic,58396
Mercedes,2006,77214,Gasoline,4,Automatic,44658
Ford,2014,23922,Electric,4,Automatic,37009
Toyota,2010,63404,Diesel,5,Automatic,29849
Ford,2015,79106,Electric,3,Manual,28800
BMW,2011,66485,Electric,5,Manual,46004
Ford,2019,105564,Diesel,2,Automatic,27483
Ford,2010,20681,Electric,1,Manual,29004
Ford,2024,58342,Diesel,2,Manual,26855
Toyota,2013,60349,Electric,5,Automatic,39240
Ford,2024,33117,Gasoline,5,Manual,32011
Toyota,2016,36925,Electric,5,Manual,40366
Honda,2023,43097,Gasoline,5,Manual,29720
BMW,2024,38007,Gasoline,4,Manual,47346
Toyota,2007,57840,Gasoline,1,Automatic,21194
Honda,2019,47940,Gasoline,4,Manual,28925
Toyota,2006,66358,Gasoline,5,Automatic,29756
Toyota,2006,72988,Diesel,3,Automatic,24603
BMW,2007,71635,Diesel,4,Manual,40404
Mercedes,2010,51797,Diesel,5,Automatic,50614
Mercedes,2019,65689,Gasoline,5,Manual,52357
Toyota,2014,80702,Electric,1,Automatic,33470
Ford,2013,68911,Diesel,2,Manual,21387
Honda,2005,97179,Electric,4,Manual,26330
Ford,2020,79643,Electric,4,Automatic,38491
Ford,2010,94368,Gasoline,4,Manual,19470
Toyota,2013,10153,Gasoline,5,Manual,30373
Toyota,2008,61933,Gasoline,1,Manual,18191
Toyota,2006,53521,Diesel,5,Manual,26560
Toyota,2008,57500,Gasoline,5,Automatic,27802
Mercedes,2005,43900,Diesel,3,Automatic,44419
Toyota,2023,67923,Diesel,1,Automatic,32814
Mercedes,2014,23832,Diesel,4,Manual,50287
Mercedes,2019,68068,Diesel,2,Automatic,49989
Toyota,2023,44565,Gasoline,4,Manual,32611
BMW,2020,49992,Diesel,5,Manual,44658
Honda,2008,68770,Gasoline,1,Manual,21741
Ford,2006,61575,Gasoline,1,Automatic,18970
Mercedes,2017,81078,Diesel,1,Automatic,43019
Honda,2005,40609,Gasoline,3,Automatic,25863
BMW,2021,58385,Electric,4,Automatic,54577
Ford,2017,77775,Gasoline,3,Manual,25698
Ford,2008,67223,Gasoline,2,Automatic,21381
Mercedes,2011,68511,Diesel,5,Automatic,47433
Toyota,2021,82160,Diesel,3,Automatic,32414
BMW,2013,51875,Gasoline,3,Automatic,43281
Mercedes,2008,47663,Diesel,5,Manual,49420
BMW,2023,71518,Electric,1,Automatic,52968
Toyota,2005,57011,Electric,5,Automatic,32170
Toyota,2014,82444,Diesel,4,Automatic,31882
Mercedes,2008,67395,Gasoline,5,Manual,43802
Toyota,2013,47532,Electric,1,Automatic,36563
Honda,2017,66767,Electric,5,Automatic,38452
Ford,2018,41946,Gasoline,3,Automatic,28480
Mercedes,2014,78938,Diesel,2,Manual,42409
BMW,2010,32056,Electric,3,Manual,46399
Honda,2020,84441,Gasoline,2,Automatic,25752
Mercedes,2010,66417,Gasoline,5,Automatic,51032
Toyota,2021,56708,Electric,4,Manual,35501
Toyota,2014,75266,Diesel,5,Manual,30345
Toyota,2022,70226,Electric,1,Manual,35145
Toyota,2022,86607,Gasoline,5,Manual,33424
BMW,2007,86421,Electric,2,Manual,41766
Honda,2024,67045,Diesel,3,Automatic,31094
Ford,2019,42564,Gasoline,4,Automatic,30528
BMW,2019,49169,Diesel,5,Automatic,51730
BMW,2008,58567,Electric,5,Automatic,51241
Ford,2013,81634,Electric,3,Manual,30151
Ford,2023,50872,Diesel,4,Manual,33686
Toyota,2021,52541,Electric,5,Manual,41036
BMW,2015,96967,Diesel,5,Manual,43548
Mercedes,2013,57914,Electric,2,Manual,47415
Ford,2014,47305,Diesel,2,Automatic,25067
Ford,2022,75532,Diesel,1,Automatic,26914
Honda,2024,58877,Gasoline,3,Automatic,28101
Mercedes,2017,32208,Gasoline,4,Automatic,50171
Mercedes,2012,80818,Diesel,5,Automatic,49922
Ford,2011,45059,Electric,5,Manual,33035
Toyota,2021,60871,Electric,1,Manual,34468
Honda,2019,58637,Electric,5,Manual,37157
Mercedes,2024,64602,Diesel,3,Manual,51765
Ford,2019,16178,Diesel,1,Manual,25355
Mercedes,2005,53298,Diesel,3,Automatic,45419
Honda,2018,82496,Diesel,1,Automatic,27277
Honda,2009,85308,Gasoline,5,Automatic,29179
BMW,2015,40174,Diesel,1,Manual,38962
Ford,2020,78411,Electric,2,Manual,31867
Honda,2006,44771,Gasoline,4,Manual,23999
BMW,2012,52509,Electric,5,Manual,47495
BMW,2015,53560,Diesel,4,Automatic,50817
Mercedes,2022,62176,Gasoline,5,Manual,54249
Mercedes,2007,80027,Diesel,4,Automatic,43075
BMW,2005,65291,Gasoline,2,Manual,34478
Mercedes,2015,57477,Electric,4,Automatic,56997
Honda,2020,79346,Diesel,1,Manual,23737
Toyota,2022,43946,Diesel,4,Manual,33503
Honda,2020,58455,Gasoline,5,Automatic,35178
BMW,2014,79915,Gasoline,3,Automatic,41072
BMW,2022,70586,Diesel,4,Manual,45565
Honda,2010,50673,Gasoline,4,Automatic,27710
Mercedes,2023,29740,Diesel,4,Manual,55156
Mercedes,2008,66217,Gasoline,5,Manual,42674
BMW,2017,28426,Electric,4,Automatic,59026
Ford,2018,55749,Gasoline,5,Manual,26925
Mercedes,2007,83578,Electric,5,Manual,53250
Honda,2014,71935,Gasoline,3,Automatic,27306
Mercedes,2010,19526,Gasoline,1,Manual,43236
Honda,2005,64009,Diesel,5,Manual,22551
BMW,2018,53616,Gasoline,2,Manual,37371
Mercedes,2012,34525,Gasoline,4,Manual,46730
Honda,2023,66700,Electric,2,Automatic,37630
BMW,2018,50165,Gasoline,4,Automatic,45075
Ford,2014,50289,Diesel,3,Automatic,29821
Honda,2021,62480,Electric,5,Manual,38272
Ford,2013,47482,Diesel,1,Automatic,23007
Ford,2010,61914,Diesel,5,Automatic,29574
Toyota,2015,48133,Diesel,4,Automatic,33316
Mercedes,2011,49230,Diesel,1,Manual,41105
Honda,2021,79858,Electric,5,Automatic,42973
Ford,2005,81893,Gasoline,1,Automatic,21891
Toyota,2009,25826,Diesel,4,Manual,25028
BMW,2013,74941,Electric,3,Manual,46385
Honda,2022,87971,Diesel,3,Manual,28775
Ford,2006,91147,Gasoline,5,Manual,25003
Mercedes,2015,70407,Electric,2,Manual,50012
Toyota,2010,38852,Electric,4,Manual,31678
Ford,2012,72599,Gasoline,5,Automatic,25477
Mercedes,2008,42614,Electric,5,Automatic,59312
Ford,2022,53140,Gasoline,3,Manual,25927
Honda,2015,67661,Electric,1,Manual,27416
Honda,2009,43904,Electric,4,Automatic,35266
Honda,2019,37071,Gasoline,1,Manual,25262
Toyota,2022,69315,Gasoline,4,Manual,32176
Honda,2006,97344,Electric,2,Automatic,27816
Mercedes,2015,84864,Electric,3,Manual,52754
Ford,2017,74143,Gasoline,2,Manual,22082
BMW,2008,79583,Gasoline,5,Automatic,39412
Mercedes,2011,72754,Electric,3,Automatic,53463
Mercedes,2015,68998,Electric,5,Automatic,59175
Honda,2008,77972,Electric,2,Automatic,28713
Toyota,2019,32632,Gasoline,4,Automatic,30239
Ford,2005,63989,Electric,5,Manual,27030
Toyota,2007,58381,Diesel,1,Manual,20002
Ford,2018,61578,Gasoline,4,Manual,28286
Ford,2010,50772,Electric,4,Manual,34325
Toyota,2022,70409,Gasoline,2,Manual,26611
Mercedes,2005,43641,Diesel,2,Automatic,42884
Ford,2010,49322,Gasoline,3,Manual,20788
Toyota,2010,46922,Electric,3,Manual,29561
Ford,2020,77278,Diesel,1,Manual,25211
BMW,2009,59765,Diesel,4,Manual,44786
Mercedes,2021,50783,Electric,1,Manual,52575
Honda,2014,52531,Electric,1,Automatic,29989
Ford,2022,60077,Electric,2,Manual,35509
BMW,2011,92443,Gasoline,1,Manual,34513
Honda,2007,35269,Gasoline,1,Manual,19406
Honda,2017,73510,Gasoline,5,Manual,31000
Ford,2019,69437,Electric,3,Manual,30295
Toyota,2024,42340,Electric,3,Manual,36094
Ford,2023,89337,Gasoline,4,Automatic,30209
BMW,2007,70785,Diesel,3,Manual,37587
Honda,2008,49845,Gasoline,4,Automatic,25297
Ford,2009,22811,Diesel,5,Automatic,34780
Toyota,2005,64582,Electric,3,Manual,27650
Ford,2008,59105,Electric,5,Manual,29943
Mercedes,2016,39385,Gasoline,3,Manual,47279
Toyota,2014,39127,Gasoline,3,Automatic,30985
BMW,2024,77370,Electric,5,Manual,53680
Honda,2017,20886,Gasoline,1,Manual,24161
Ford,2018,66285,Electric,1,Manual,31684
Toyota,2009,56251,Electric,1,Automatic,32797
Mercedes,2008,69943,Diesel,1,Automatic,43438
Toyota,2018,54113,Gasoline,3,Manual,32131
Mercedes,2014,65865,Electric,2,Automatic,58168
BMW,2021,45144,Gasoline,5,Manual,44430
